"registration","aircraft_id"
"5N-CAB","10003"
"5N-BVG","10006"
"9H-VJQ","10007"
"9H-ILI","10008"
"9H-ILA","10009"
"9H-VJA","10010"
"B-8250","10011"
"9H-VFD","10013"
"B-3077","10014"
"9H-OPE","10015"
"9H-VJO","10016"
"9H-VFC","10017"
"9H-VJY","10018"
"9H-VJJ","10020"
"9H-VJI","10021"
"B-652Q","10022"
"B-652R","10023"
"9H-MOON","10024"
"B-652S","10025"
"9H-VFG","10026"
"9H-KIM","10027"
"9H-VFA","10028"
"9H-VJN","10029"
"9H-VFF","10030"
"9H-ILZ","10031"
"B-8260","10032"
"9H-VJK","10033"
"9H-VFB","10034"
"9H-VFI","10035"
"9H-ILY","10036"
"9H-VJP","10037"
"9H-VJC","10038"
"B-8255","10039"
"9H-SFG","10040"
"9H-LXX","10041"
"9H-VJD","10042"
"B-8259","10043"
"9H-VJF","10044"
"9H-III","10045"
"9H-VJM","10046"
"B-1999","10047"
"9H-VFE","10048"
"9H-VFH","10049"
"9H-ILV","10050"
"9H-IGH","10051"
"9H-VFJ","10052"
"9H-VJE","10053"
"9H-VJH","10054"
"9H-VJG","10055"
"B-8271","10057"
"9H-VJL","10058"
"ZS-SGU","10060"
"VH-MXD","10063"
"VT-FAF","10065"
"HS-VIP","10066"
"VT-POP","10067"
"N214CS","10071"
"N819AP","10073"
"VH-RIU","10074"
"OE-GLC","10075"
"N899AL","10077"
"N41DP","10078"
"OY-OLD","10079"
"OE-LCA","10080"
"VH-VSK","10083"
"OY-EJD","10084"
"OY-SKK","10085"
"OE-HPG","10086"
"HS-MED","10088"
"N32AA","10092"
"VH-FJQ","10093"
"D-ALIK","10096"
"OO-LAH","10097"
"VH-EXG","10103"
"PH-RME","10105"
"N610GW","10106"
"OY-VIK","10107"
"N948TX","10108"
"N11GJ","10110"
"HZ-A22","10111"
"N97VS","10113"
"N585VC","10114"
"N996GA","10116"
"UP-EM022","10117"
"VH-NQB","10118"
"N588TN","10120"
"N11GW","10121"
"ZS-ZIM","10122"
"VH-ILJ","10123"
"OY-EKC","10125"
"ZK-MFT","10129"
"OE-GTS","10130"
"N753A","10132"
"VH-OFX","10135"
"VH-MXJ","10136"
"VH-CCJ","10137"
"ZK-VXM","10140"
"OY-GFS","10142"
"PP-JFZ","10144"
"F-HFTV","10145"
"HS-KCS","10148"
"PH-CGV","10150"
"ZK-RXD","10154"
"OE-FSR","10155"
"N770AW","10156"
"ZK-LCA","10157"
"P4-BFV","10159"
"VH-TJN","10160"
"OY-RAB","10162"
"N277XX","10163"
"JA-04AA","10167"
"VT-KBN","10168"
"OY-MGO","10170"
"N599TR","10173"
"VT-AUV","10176"
"T7-3338","10177"
"OY-PGA","10181"
"UP-C8505","10184"
"HS-EMT","10185"
"CN-SRL","10187"
"P4-BFW","10188"
"UP-CL602","10190"
"VH-ZOK","10191"
"VH-VKX","10192"
"N352BH","10195"
"HS-CPA","10199"
"N77FK","10202"
"OY-DBS","10203"
"VH-SCR","10206"
"VT-KNB","10207"
"T7-TIA","10210"
"OY-VLT","10213"
"ZK-NXJ","10214"
"OE-INK","10215"
"N588AT","10216"
"ZS-DLB","10217"
"VH-LYM","10218"
"HS-WEH","10219"
"OY-DRW","10220"
"P4-BFY","10221"
"ZS-MGS","10222"
"HS-CPG","10224"
"OY-CKK","10225"
"CN-SRA","10227"
"ZS-PZU","10228"
"VH-CRW","10229"
"N7DK","10231"
"VH-URT","10235"
"ZK-YDZ","10239"
"OY-RAD","10240"
"ZK-PLK","10241"
"N383DJ","10243"
"ZS-NYM","10244"
"ZK-PMJ","10248"
"HS-CPH","10250"
"OY-NEW","10252"
"JA-680C","10253"
"VH-XBP","10256"
"VH-FCS","10257"
"HS-EMG","10258"
"ZS-DEX","10259"
"N606PS","10260"
"N550LC","10268"
"B-8136","10269"
"9H-VJX","10271"
"4K-ASG","10272"
"C-FTJC","10274"
"2-TEAM","10275"
"C-FREQ","10278"
"OE-HPL","10279"
"N824S","10280"
"N853CR","10282"
"LX-SCO","10293"
"N175MX","10296"
"N90RT","10297"
"LN-JHH","10304"
"N777MV","10314"
"SE-RLP","10315"
"N918EG","10316"
"N565CD","10319"
"N310JE","10320"
"N18NM","10321"
"N20XP","10327"
"N881CC","10330"
"VT-OMM","10331"
"YR-TRO","10332"
"N222DE","10333"
"N605DD","10334"
"N63YM","10337"
"N176US","10338"
"HK-4499","10344"
"N111MT","10346"
"N505PJ","10350"
"N547XJ","10351"
"N578XJ","10352"
"D-CBBS","10355"
"N618JC","10358"
"N332AV","10362"
"N772HM","10363"
"N518KH","10366"
"N530LD","10367"
"D-ISJA","10370"
"N463V","10372"
"N475TW","10373"
"N480VR","10375"
"N317MM","10376"
"N417NL","10379"
"G-HNPN","10380"
"N60NF","10384"
"N610RW","10386"
"N667WJ","10387"
"N425EV","10389"
"N445VL","10390"
"N622TP","10392"
"OK-HFH","10395"
"D-IETB","10399"
"N6207F","10400"
"CS-DOT","10402"
"N858RM","10404"
"OO-RKS","10405"
"N425LH","10406"
"C-GNSC","10407"
"N510JN","10412"
"N247FS","10413"
"OK-KGR","10415"
"SP-TBF","10417"
"SP-OOK","10418"
"N557AB","10425"
"N521BU","10426"
"N1HC","10428"
"N42JJ","10430"
"N301VR","10433"
"OY-IUV","10436"
"N784XJ","10437"
"N400RK","10439"
"N656SM","10440"
"P2-JON","10441"
"OY-CBK","10443"
"9A-JIM","10444"
"9H-VIB","10445"
"C-FPSV","10446"
"C-FGGF","10447"
"C-FNVT","10448"
"C6-TMM","10449"
"C-FXAJ","10454"
"N352AR","10465"
"N726BF","10467"
"N127VT","10468"
"N268PJ","10469"
"N318MM","10470"
"G-MLBC","10473"
"N1LF","10476"
"G-LIST","10478"
"N283VC","10479"
"N427MJ","10480"
"C-GRUU","10481"
"N163DK","10483"
"N509CQ","10484"
"N560BM","10485"
"N408LS","10486"
"N978SH","10490"
"N384PC","10492"
"OE-GMD","10493"
"N74GG","10495"
"D-CEFO","10499"
"OE-HCA","10500"
"CS-LPA","10501"
"LV-IWV","10502"
"N39AV","10503"
"N710SC","10504"
"TC-LMZ","10505"
"N787TY","10510"
"N296JA","10513"
"OH-CHF","10515"
"PH-SFF","10516"
"N504VJ","10519"
"N340JE","10520"
"N732WB","10521"
"N742SP","10527"
"N71NF","10528"
"N346HG","10531"
"N937RA","10533"
"N780CB","10536"
"N904P","10539"
"N503KK","10540"
"N916GB","10544"
"N1VR","10550"
"PK-ELV","10554"
"F-HFCS","10563"
"N726RF","10564"
"N319CF","10565"
"N333EH","10566"
"N562CL","10567"
"N80TZ","10568"
"N422BC","10571"
"N632XL","10572"
"D-CBAY","10573"
"C-GTRG","10574"
"N43TA","10575"
"N551ST","10576"
"N1853","10581"
"N527JC","10583"
"D-CJJK","10584"
"N280PH","10590"
"N761XP","10591"
"OK-BIZ","10595"
"N400MX","10596"
"N81RA","10597"
"N980DM","10601"
"N805FT","10602"
"N790XJ","10603"
"N560ML","10606"
"N579RS","10608"
"N90XR","10609"
"9H-VCB","10614"
"9H-VCC","10615"
"9H-VID","10617"
"9H-GGG","10619"
"9H-ITW","10620"
"9H-AZZA","10621"
"N881RE","10626"
"OK-AST","10628"
"N826AC","10629"
"N298AL","10631"
"LX-ICE","10634"
"LZ-JET","10636"
"N585DM","10637"
"N803AG","10644"
"N174B","10646"
"P4-BAA","10648"
"N415MA","10649"
"OK-ESC","10650"
"N328N","10653"
"N807N","10654"
"N501VJ","10656"
"YL-DAN","10657"
"F-HSHU","10661"
"N33KF","10662"
"N47NG","10663"
"N78BQ","10664"
"N988JC","10665"
"TC-KNK","10666"
"VT-CMR","10667"
"YU-GIN","10668"
"OE-FVJ","10669"
"PH-JRC","10671"
"N68005","10673"
"N823HM","10682"
"OH-EAU","10685"
"N357VJ","10686"
"N192JE","10687"
"N60CK","10688"
"D-CLUB","10691"
"XA-HNY","10692"
"D-IFRT","10698"
"N655MD","10699"
"N553BW","10700"
"N329TL","10701"
"N497PF","10703"
"N270PR","10704"
"N190JE","10705"
"N97KL","10706"
"N312MA","10710"
"N600GF","10712"
"N88GD","10713"
"N848TW","10714"
"N312GV","10717"
"N285SA","10718"
"N43GV","10719"
"N300CW","10721"
"F-GPNJ","10722"
"D-ACEV","10724"
"D-AUWE","10726"
"N3MH","10727"
"LY-CHF","10733"
"N150KM","10734"
"N68889","10735"
"N583SD","10740"
"N887JS","10741"
"G-TULI","10743"
"VT-BAF","10747"
"VT-TRI","10748"
"N1904W","10753"
"VT-SRC","10756"
"N817BZ","10758"
"RA-09617","10762"
"N504AB","10764"
"N82EM","10765"
"N772HP","10766"
"N111WH","10769"
"D-AGJP","10772"
"N301RD","10773"
"N228SS","10774"
"SE-DJL","10775"
"N736XJ","10776"
"D-ILHD","10777"
"N575AR","10781"
"9H-VJS","10783"
"9H-AMY","10787"
"N196X","10788"
"TC-RSA","10790"
"N507DJ","10792"
"N122AS","10795"
"N330GW","10796"
"OE-HAA","10797"
"LX-JLK","10798"
"G-LEGC","10802"
"N7402","10803"
"N815RB","10806"
"D-BHLM","10807"
"F-GXAE","10808"
"N104VP","10809"
"N500RH","10810"
"N93FX","10811"
"N777DC","10813"
"N954JJ","10816"
"N337GJ","10819"
"N719SJ","10823"
"N214WT","10824"
"N287CD","10826"
"LX-DIO","10828"
"N199TT","10830"
"N103GR","10832"
"F-HUAS","10833"
"N797VS","10834"
"DI-BEC","10836"
"N112FJ","10837"
"LX-JNC","10840"
"N250NC","10845"
"N524LR","10850"
"N681ZL","10851"
"N334JE","10853"
"N343JE","10854"
"XA-MLS","10857"
"N909MV","10858"
"SE-RVZ","10860"
"N358JA","10863"
"N776CJ","10866"
"N562JL","10867"
"N550ML","10872"
"CG-MSY","10873"
"N698RS","10874"
"N886DL","10876"
"N896CG","10877"
"N133VS","10882"
"N707JQ","10883"
"N783FS","10884"
"N890BB","10885"
"N619GV","10887"
"N819SA","10891"
"N2UP","10892"
"VH-AND","10896"
"N747JJ","10899"
"N758SP","10900"
"LV-JQV","10903"
"HA-LUA","10907"
"XA-ICY","10908"
"F-HEMI","10910"
"N631AD","10911"
"N1220W","10913"
"N548KK","10914"
"N383JP","10918"
"N390SB","10920"
"N562LD","10922"
"CG-NRS","10923"
"N1952R","10924"
"CG-VJT","10925"
"N712AB","10926"
"N509AB","10928"
"F-HIPE","10931"
"N4757B","10933"
"G-WLKR","10934"
"N702DR","10935"
"G-LOBX","10938"
"N787AD","10942"
"N169DR","10945"
"EI-LSY","10948"
"N87CF","10949"
"N395AV","10950"
"N553CB","10953"
"OY-GSA","10954"
"N102JE","10955"
"N927JC","10958"
"N145MW","10959"
"N97159","10960"
"9H-VCG","10963"
"9H-VCM","10964"
"9H-VCS","10965"
"9H-VCJ","10967"
"9H-JSB","10968"
"C-FJGG","10969"
"C-GBBB","10971"
"9H-RFAP","10972"
"D-ANGB","10976"
"N245TX","10977"
"N959CR","10980"
"PR-BIO","10983"
"D-BAHB","10985"
"N253JX","10988"
"N320GX","10989"
"N78VH","10990"
"N219PC","10992"
"N421AJ","10993"
"N85HH","10994"
"N927MM","10995"
"N980J","10996"
"OE-IAA","10997"
"N188SA","10999"
"N722NK","11001"
"OK-GTX","11004"
"N538XJ","11006"
"N415JE","11007"
"N717JJ","11010"
"N910JW","11012"
"N85LX","11013"
"N99KW","11016"
"G-ISJE","11017"
"N157TW","11018"
"N604PV","11019"
"N4DA","11022"
"N888LJ","11025"
"N906MM","11026"
"D-CVMS","11028"
"N127VL","11029"
"N728PH","11033"
"N946MM","11034"
"N351VJ","11035"
"N708Q","11036"
"N515LG","11038"
"N977MR","11039"
"N986JC","11040"
"SE-RFL","11041"
"N30GT","11043"
"N989ST","11044"
"N153LG","11048"
"N173NY","11055"
"N162JC","11062"
"N1625","11065"
"N388GC","11066"
"N800GN","11068"
"N80VM","11069"
"N11526","11073"
"N563TM","11079"
"N593GG","11080"
"N613GG","11081"
"D-CLIK","11082"
"F-HPIL","11084"
"N339TA","11088"
"N861MA","11089"
"C-GWWW","11092"
"C-GFGC","11093"
"N878CS","11094"
"OK-TKJ","11095"
"D-AHER","11099"
"SE-RHJ","11105"
"N960AS","11107"
"C-GHJU","11108"
"N150MB","11109"
"N3975A","11110"
"N501EB","11111"
"N707WE","11112"
"N495WG","11113"
"N305TT","11114"
"N601CN","11115"
"N40MF","11117"
"F-HJSL","11118"
"N318TH","11122"
"N24FJ","11124"
"N352PX","11125"
"N44KA","11126"
"N202KR","11130"
"N117HH","11131"
"N193JC","11132"
"N257PL","11133"
"N452M","11134"
"N157MW","11135"
"9H-TOP","11141"
"9H-VISTA","11142"
"9A-JIP","11143"
"TC-GHP","11149"
"N406TX","11155"
"N502GM","11156"
"N470MD","11157"
"G-OLIV","11160"
"N562VP","11161"
"N716WW","11162"
"N560MU","11163"
"EC-HGI","11167"
"N302JE","11168"
"N814SP","11169"
"N528CL","11171"
"PH-SFH","11172"
"N1000E","11179"
"N401JS","11180"
"N511DB","11183"
"LN-SUN","11184"
"C-GBKB","11190"
"N141JE","11191"
"C-GNRD","11192"
"N529GB","11193"
"N982CE","11194"
"D-BALL","11198"
"N522AC","11199"
"N615NR","11200"
"N899EE","11201"
"SU-SMD","11202"
"XA-ZPS","11203"
"D-CMXM","11206"
"HB-JGF","11207"
"N746PC","11208"
"G-CMBC","11210"
"N703CD","11215"
"D-ISIR","11216"
"N500VJ","11218"
"N800MA","11219"
"N670CP","11220"
"N60HJ","11223"
"N128AJ","11224"
"N555WZ","11225"
"N168GS","11226"
"C-GVEA","11228"
"D-IWIR","11230"
"I-AVND","11237"
"N626JE","11240"
"N378SF","11241"
"N707VM","11243"
"DI-AAS","11245"
"N4TL","11248"
"F-HJAV","11250"
"N606WJ","11260"
"N467FL","11261"
"C-GWPB","11263"
"N90JN","11264"
"N393PJ","11269"
"N847A","11275"
"OK-HAR","11276"
"OK-GRX","11277"
"SE-RMB","11279"
"N560TA","11282"
"N404BC","11283"
"N642WW","11286"
"N686TX","11287"
"N143CG","11288"
"G-ULFM","11289"
"D-ITAN","11290"
"N483RA","11291"
"N364SM","11294"
"OY-SPA","11296"
"N8YU","11298"
"N889MS","11301"
"SE-RMA","11303"
"C-FPCP","11304"
"C-FPNX","11306"
"A7-CGB","11308"
"9H-MPW","11309"
"9H-RBA","11310"
"C-FIOV","11313"
"4X-CUZ","11315"
"9H-SSG","11317"
"OK-SLX","11319"
"N837JS","11320"
"N91GJ","11321"
"TC-MKA","11325"
"D-IGST","11329"
"N550TN","11330"
"N246SD","11334"
"N561CE","11338"
"N650FX","11339"
"N463SD","11343"
"N226MP","11344"
"N79CJ","11345"
"N999PR","11346"
"N55PJ","11347"
"N265AV","11348"
"HI1060","11349"
"LX-DCC","11350"
"N545XJ","11351"
"EC-NRA","11353"
"OE-LTF","11354"
"EC-KBC","11356"
"N151SB","11361"
"N531JD","11362"
"N610EP","11363"
"TC-CTN","11367"
"N214TG","11369"
"N680RH","11371"
"HK-4758","11372"
"N910TX","11378"
"N224LD","11380"
"N604BC","11381"
"N552XJ","11382"
"N302PE","11383"
"N220PF","11384"
"N352XR","11387"
"N646DR","11389"
"N443TA","11392"
"N605JE","11394"
"N626TM","11395"
"N901S","11398"
"N560SJ","11399"
"OH-DEN","11400"
"OH-JRD","11401"
"N306GV","11405"
"N85VM","11406"
"N221HJ","11407"
"N8TG","11408"
"N688VM","11411"
"SX-CDY","11412"
"N236N","11413"
"N48W","11415"
"N138SP","11418"
"N356VC","11424"
"N1245X","11426"
"N608SG","11428"
"N806DE","11432"
"N243JP","11433"
"N918AM","11434"
"N370RV","11435"
"HK-5107","11436"
"YR-TRC","11437"
"DI-ERF","11438"
"P4-KCK","11443"
"N133PE","11444"
"N808CE","11447"
"N790A","11448"
"N950RA","11452"
"N1496B","11453"
"N610TX","11454"
"C-GCFB","11455"
"N726XJ","11457"
"N586FD","11460"
"N88AQ","11463"
"C-FTMI","11465"
"9H-VIK","11466"
"9H-BIG","11467"
"9H-VJT","11468"
"9H-VCQ","11469"
"A6-ORX","11473"
"4K-AZ888","11475"
"RA-02734","11476"
"PR-BLS","11477"
"OE-FXB","11478"
"VH-OAA","11479"
"OO-ELK","11481"
"N638GB","11488"
"N232CF","11489"
"OE-IBK","11497"
"D-CNOW","11500"
"LV-HQC","11501"
"N535V","11502"
"OM-NTN","11503"
"N350K","11504"
"N173ML","11505"
"N90KC","11507"
"N281QS","11508"
"D-CICU","11514"
"D-CSMC","11515"
"N900YG","11518"
"D-CRTP","11526"
"I-DEUM","11527"
"N402HP","11528"
"N686RR","11529"
"N880LT","11530"
"S5-CET","11531"
"OE-ISX","11537"
"N431JD","11540"
"N578JG","11542"
"N429CK","11544"
"N1776C","11546"
"N716MD","11547"
"N119JE","11554"
"XA-UES","11557"
"N605BX","11558"
"N59JE","11559"
"N50JE","11560"
"OH-EAX","11562"
"N239ST","11565"
"N560TW","11567"
"OO-GHE","11569"
"HB-JFX","11571"
"N790Z","11574"
"N895CC","11576"
"N310GV","11586"
"N800UW","11588"
"N625GN","11590"
"N361K","11598"
"N200JT","11601"
"N604RB","11603"
"N96PB","11604"
"N18GU","11605"
"N812JC","11607"
"N331NG","11609"
"LV-FUK","11610"
"N1MM","11613"
"N817TT","11624"
"N487JA","11625"
"N116PJ","11626"
"N473FL","11627"
"N510GS","11628"
"N802Q","11632"
"N404DP","11633"
"N788JS","11634"
"N502AB","11635"
"N242SD","11636"
"N626CT","11639"
"OE-GGG","11642"
"N269JH","11643"
"VH-INT","11644"
"OE-GLL","11646"
"N862LG","11647"
"A6-RJA","11654"
"N545XR","11659"
"HK-4907","11662"
"G-WZAP","11664"
"OY-CRJ","11665"
"N16PR","11666"
"LV-GVX","11667"
"N41GJ","11671"
"OH-TFB","11672"
"OK-OZZ","11674"
"N48PL","11675"
"OE-LUB","11676"
"D-CHIC","11677"
"D-IHEB","11679"
"N353VA","11680"
"N440ML","11681"
"N750CR","11682"
"N875SP","11685"
"XA-ONE","11688"
"HK-5329","11690"
"OO-CLA","11694"
"N10H","11696"
"N123KH","11697"
"SP-MCH","11698"
"YL-DAM","11700"
"N818EZ","11704"
"D-IQQQ","11705"
"DA-SIM","11707"
"F-HJFP","11709"
"HB-VPX","11710"
"LV-GTQ","11711"
"N360FX","11712"
"SU-SML","11713"
"VH-IQR","11714"
"F-HBPE","11717"
"N405JS","11720"
"N408JS","11721"
"N420DL","11723"
"N617BW","11725"
"N800KW","11727"
"N884SG","11728"
"N225HA","11729"
"LN-STB","11730"
"D-IHKW","11731"
"N348DJ","11733"
"N547MP","11735"
"LX-PCA","11736"
"D-CSCA","11738"
"N232PH","11739"
"N515CK","11740"
"S5-CEG","11743"
"N444SC","11745"
"N2461K","11746"
"N771DE","11747"
"N280LJ","11749"
"N907WS","11752"
"N108RL","11753"
"N310VZ","11754"
"N705BB","11755"
"OE-GAG","11757"
"N311JV","11758"
"OO-PAR","11760"
"N954SP","11761"
"G-OSRL","11763"
"N324SA","11766"
"PH-GWS","11767"
"N406YC","11768"
"N345LC","11771"
"N314CM","11775"
"N188CR","11779"
"LV-IYQ","11782"
"LV-JQW","11783"
"C-GSXJ","11787"
"N560VS","11789"
"N315RC","11791"
"N592CL","11792"
"G-SIRS","11793"
"N41PM","11796"
"N820HB","11797"
"N118MJ","11798"
"N803AC","11799"
"N966CB","11803"
"N500LR","11804"
"OO-MMT","11808"
"N83PW","11810"
"F-HIJD","11814"
"OK-OBR","11815"
"LY-GVS","11816"
"N600CA","11817"
"N55BA","11823"
"N7HJ","11824"
"N76CD","11826"
"LV-BPO","11827"
"C-GGLO","11829"
"N805C","11830"
"OY-RSE","11832"
"N525DU","11833"
"N61AP","11837"
"N247MX","11838"
"N750CK","11839"
"C-FAWZ","11840"
"9H-VBG","11841"
"9H-SNB","11847"
"C-FLPB","11852"
"9H-UEC","11853"
"2-SWIS","11854"
"VH-SCC","11855"
"PP-BRU","11857"
"N758A","11862"
"N3908C","11863"
"OE-GTR","11865"
"OH-WIC","11866"
"N571AW","11870"
"N67MA","11871"
"G-SVNX","11873"
"N808TC","11877"
"N1969C","11878"
"EI-LSN","11881"
"D-IBEA","11882"
"D-IPIT","11883"
"N823KD","11884"
"N652BA","11885"
"N268CM","11887"
"N190JA","11888"
"N72HA","11889"
"LN-TRG","11891"
"XA-CSS","11893"
"N702QV","11895"
"D-IGVA","11896"
"N26JE","11899"
"N332DX","11902"
"N131RR","11908"
"N751SJ","11911"
"N11HM","11912"
"N213BK","11913"
"OE-GDR","11914"
"VP-CTT","11915"
"N725BS","11920"
"N424JS","11921"
"N403JS","11923"
"N22GR","11925"
"C-GENL","11926"
"N989AB","11927"
"HB-JOR","11929"
"F-HOSP","11933"
"SP-ZEN","11938"
"N871FR","11939"
"C-GFAL","11941"
"N655MM","11944"
"N360VJ","11946"
"N549XJ","11947"
"N301JE","11948"
"N411AJ","11951"
"N850DP","11957"
"HB-VPO","11958"
"N892TX","11959"
"N315JL","11960"
"N888WY","11964"
"N528MX","11966"
"N505D","11970"
"N651SF","11974"
"N740SS","11976"
"C-GIZX","11977"
"VP-CYJ","11978"
"N928NJ","11980"
"N131YF","11982"
"N154JK","11986"
"N66M","11988"
"N789KG","11991"
"N154EA","11992"
"N825MT","11993"
"N2333B","11995"
"F-HMSG","11997"
"D-CCCA","11998"
"N876UC","12000"
"G-SMSM","12001"
"N420FL","12007"
"N330AP","12010"
"N106GK","12011"
"N107AV","12012"
"N156RK","12013"
"N135SM","12015"
"RA-67245","12016"
"N510AB","12017"
"N28AD","12018"
"N220MD","12020"
"N26ME","12021"
"N525JN","12022"
"G-SHUI","12024"
"G-COBN","12025"
"N716AV","12028"
"N137WS","12029"
"N765XJ","12034"
"C-FWYN","12040"
"CC-ANY","12041"
"9H-WIN","12042"
"9H-WFC","12043"
"A7-CGG","12044"
"9H-KAX","12045"
"9H-LPZ","12047"
"9H-GSWAN","12050"
"A7-CEE","12051"
"4X-CRZ","12052"
"9H-FAB","12053"
"9H-JCA","12054"
"9H-NYC","12055"
"9H-CLD","12056"
"N492FT","12058"
"N403SL","12060"
"N555NE","12061"
"OK-OSK","12072"
"N101JL","12073"
"HB-IVJ","12074"
"N200WL","12077"
"D-CJMK","12078"
"F-GUNN","12079"
"HB-FVD","12080"
"I-MLPA","12081"
"N847TX","12082"
"ZS-AJD","12083"
"N822VP","12087"
"N375JP","12088"
"G-CWCD","12089"
"N221VP","12091"
"N150LR","12095"
"N256CP","12096"
"N23GM","12098"
"OH-SSS","12101"
"N546XJ","12104"
"N888ZA","12105"
"N971SC","12112"
"D-ICBA","12113"
"N31GV","12120"
"YU-FVJ","12121"
"YU-TUU","12122"
"N703MD","12126"
"N918JL","12128"
"D-CEMO","12134"
"D-IWPS","12142"
"N300JE","12143"
"N91QK","12144"
"G-SUGR","12145"
"N500XP","12149"
"OE-GZK","12153"
"N807LP","12158"
"N939CF","12159"
"C-GVIM","12162"
"N444AD","12163"
"G-REXA","12164"
"N270SC","12167"
"N116TT","12168"
"N310SA","12169"
"C-GDPI","12171"
"N277RS","12173"
"N560BL","12174"
"N405CB","12179"
"N46CK","12183"
"EC-ISQ","12184"
"N904LR","12185"
"N648CR","12187"
"N975LV","12188"
"N474ME","12189"
"N245DJ","12192"
"N690TX","12199"
"C-GGIB","12201"
"C-GYMC","12202"
"N208BH","12204"
"N276BG","12205"
"N245PE","12207"
"F-HAHA","12208"
"F-HALG","12209"
"N550GP","12212"
"N944GL","12213"
"N4142R","12215"
"F-HREG","12216"
"N725XL","12217"
"N65LJ","12218"
"N613BD","12220"
"N50YT","12221"
"N801SF","12222"
"N53KA","12223"
"N953PC","12226"
"N728MG","12231"
"N279SH","12232"
"N801HH","12234"
"9H-CCH","12239"
"9H-MAS","12240"
"9A-DWA","12241"
"C-FNBM","12242"
"C-FJCB","12243"
"OK-XLS","12247"
"XA-MHA","12248"
"PR-JJM","12250"
"N743LG","12253"
"SP-ZSZ","12254"
"N631JS","12255"
"OE-GCH","12257"
"DI-CAB","12259"
"N636SY","12266"
"G-SPCY","12269"
"D-ADCL","12271"
"F-HEGA","12272"
"N222NB","12273"
"N477SC","12274"
"N7BD","12275"
"OE-GIE","12277"
"N290CH","12278"
"N2725N","12279"
"N440WP","12280"
"N292P","12283"
"N144PK","12284"
"N900XG","12285"
"SE-MOF","12290"
"HB-JRJ","12292"
"VH-OIN","12294"
"OE-IGL","12296"
"N203SS","12297"
"N654PD","12298"
"OH-RJD","12299"
"TC-MZH","12300"
"PK-RSS","12301"
"N137JT","12303"
"N26XP","12304"
"XA-LBO","12305"
"N999AA","12306"
"N868WU","12311"
"N6798V","12314"
"N417HS","12315"
"N489VR","12317"
"D-CHDJ","12318"
"N651CG","12324"
"N308MR","12325"
"N362JE","12326"
"N700JE","12330"
"N560DR","12332"
"N458SF","12335"
"OH-FAY","12338"
"N721HM","12340"
"N662JM","12341"
"XA-VGL","12342"
"N800XM","12345"
"N912GW","12349"
"D-IAAB","12351"
"N259CA","12352"
"N311VU","12353"
"N60LV","12355"
"N650PW","12357"
"N888RK","12361"
"N787CH","12362"
"N588SG","12363"
"N84PC","12364"
"N8288R","12365"
"N555DT","12369"
"N302LT","12370"
"N39TT","12372"
"N868CB","12375"
"N926RC","12377"
"N305ZA","12379"
"N929MM","12380"
"N620NG","12382"
"N520DF","12384"
"N157PW","12385"
"F-HMXL","12386"
"N555LK","12387"
"XA-NIC","12388"
"N30VR","12389"
"N80EM","12391"
"N275BS","12392"
"N764XJ","12393"
"N217PT","12394"
"N502EG","12395"
"LV-IKB","12396"
"N740XJ","12399"
"N36UP","12400"
"OD-CXL","12401"
"9H-XOC","12405"
"C-FSEP","12406"
"C-FYTY","12412"
"9H-MFC","12413"
"9H-PRO","12414"
"9H-SAL","12418"
"9H-IAR","12421"
"C-FWUT","12422"
"9H-DOM","12423"
"OK-BOB","12426"
"SE-RIV","12429"
"F-OSTB","12430"
"TC-ACN","12431"
"TC-RSC","12432"
"N579MH","12435"
"LX-MCO","12438"
"D-AGLO","12440"
"HB-VAJ","12442"
"N597RB","12443"
"N924TG","12444"
"OE-EGO","12446"
"N93CQ","12449"
"N899FS","12453"
"D-FCYW","12455"
"C-GKIV","12456"
"N611AV","12457"
"OY-NBS","12458"
"N820FJ","12459"
"C-GNLW","12462"
"N624AL","12464"
"N888WD","12465"
"OE-LOE","12469"
"N424TJ","12471"
"OE-GED","12472"
"CS-TFY","12474"
"N721GK","12475"
"N489BM","12477"
"N5729M","12478"
"N909JC","12479"
"N325WJ","12482"
"N420HB","12489"
"N516N","12494"
"N505VJ","12497"
"N1600W","12501"
"SE-RDY","12507"
"N293TW","12511"
"N763DB","12513"
"N518JA","12514"
"N555AD","12518"
"D-IDAZ","12519"
"N328GV","12521"
"D-CDAS","12524"
"N430E","12526"
"C-GZYX","12528"
"N317CQ","12529"
"N430AM","12531"
"G-HAPA","12532"
"PR-URS","12534"
"LX-SAB","12535"
"N2735J","12538"
"G-LUSO","12539"
"N145JS","12540"
"N75FP","12541"
"N515RP","12542"
"N347KC","12544"
"N228SB","12545"
"D-BUBI","12546"
"N765MS","12552"
"D-AHRN","12553"
"SP-CEZ","12554"
"N716AP","12555"
"D-BAVG","12559"
"N5481T","12561"
"N80PK","12562"
"LY-LTA","12564"
"N48WG","12566"
"N770JP","12567"
"N44CE","12568"
"N750XJ","12569"
"N138DM","12572"
"N248LA","12574"
"D-AIFL","12577"
"OY-INV","12580"
"N720XJ","12581"
"N402AT","12583"
"N654AN","12584"
"N402CT","12585"
"A7-CEI","12587"
"9H-VJV","12589"
"9H-VJR","12590"
"A7-CGE","12592"
"C-FXWT","12594"
"C-FDOS","12597"
"OO-SLM","12601"
"N450FC","12603"
"N759A","12604"
"N300TA","12606"
"N602JC","12607"
"D-CAWP","12611"
"N591MA","12612"
"XA-ORO","12622"
"N619FB","12623"
"N550FG","12624"
"D-IGCS","12625"
"N360M","12626"
"D-IMFE","12627"
"D-CSCB","12629"
"OO-HRG","12630"
"D-ILCG","12632"
"N548XJ","12634"
"N338JE","12635"
"YL-VCR","12637"
"N914EG","12638"
"N1327J","12640"
"N2379T","12642"
"N269GJ","12643"
"N392MG","12644"
"N669CS","12645"
"N998RW","12646"
"N506DJ","12649"
"N250PK","12651"
"N114HA","12653"
"N858DD","12663"
"N188B","12666"
"N49KC","12670"
"N407TC","12675"
"N154G","12677"
"N923AS","12678"
"N56WZ","12679"
"N551SS","12681"
"N171AM","12683"
"N9102","12685"
"N757MC","12686"
"YR-TII","12687"
"N427GY","12704"
"C-GSXC","12707"
"D-CGBR","12708"
"N120CB","12709"
"N753RP","12710"
"N590CL","12713"
"G-GAAL","12714"
"N369CA","12715"
"N999MY","12717"
"N650DR","12722"
"N401LX","12723"
"EC-LDK","12728"
"N800PZ","12730"
"N555HM","12733"
"N40VC","12734"
"N290PS","12735"
"OK-VAN","12736"
"N920JR","12740"
"N313TT","12743"
"N101MX","12744"
"N970BG","12745"
"F-HLRS","12746"
"N30JE","12747"
"N753XJ","12748"
"N56GJ","12752"
"OY-CCH","12753"
"9H-VCO","12755"
"9H-VIJ","12756"
"9H-ASB","12759"
"C-FBXL","12760"
"9H-ELF","12764"
"9H-BOO","12765"
"N273LP","12767"
"N950JS","12770"
"C-GCDS","12771"
"OO-LMP","12774"
"N800WF","12783"
"N769XJ","12791"
"ES-CMK","12792"
"D-CASH","12793"
"N950SV","12794"
"N817SD","12801"
"N1401L","12802"
"N428SS","12803"
"G-MEGN","12807"
"N560RK","12810"
"N333QD","12811"
"C-GDIL","12812"
"N508XJ","12813"
"N317N","12815"
"D-CAHO","12817"
"D-ALIN","12818"
"D-COZY","12819"
"ET-AYW","12820"
"N601EJ","12821"
"N738RJ","12822"
"YU-PAA","12823"
"N605TX","12828"
"N60GG","12829"
"N8228N","12830"
"N944BB","12834"
"N124MV","12837"
"N67JE","12839"
"N307JE","12840"
"OE-FMK","12843"
"D-COGA","12844"
"N281H","12845"
"N45LV","12849"
"N404TC","12850"
"TC-ALT","12851"
"N510CN","12853"
"N46CV","12856"
"N140WT","12861"
"N454AJ","12862"
"N303WA","12864"
"VP-CYT","12870"
"N577XW","12871"
"N488TK","12872"
"N22EM","12874"
"N305NC","12875"
"TC-KRA","12877"
"F-HPUR","12881"
"N191GH","12883"
"N224MZ","12884"
"N751AA","12885"
"N870CB","12889"
"N543TA","12891"
"N506BA","12900"
"N750FR","12901"
"N261PJ","12903"
"OK-KIN","12908"
"N872BC","12909"
"CX-SCA","12912"
"HB-FZC","12913"
"N5616","12916"
"N783XJ","12917"
"N716XJ","12918"
"N302CJ","12920"
"N215BB","12921"
"N418DL","12930"
"D-ACDE","12931"
"D-IOWA","12932"
"N332AR","12934"
"N372MZ","12936"
"N990MF","12941"
"9H-VCK","12942"
"CC-DAE","12944"
"9H-VTD","12945"
"C6-CAY","12946"
"CF-CGF","12947"
"OE-FXM","12952"
"N591AW","12957"
"N473PC","12959"
"N752WJ","12960"
"OK-BBA","12961"
"N257EB","12962"
"N24US","12970"
"XA-COS","12972"
"EC-LEP","12973"
"N220VP","12974"
"PH-SFG","12975"
"N35DM","12978"
"N82JK","12982"
"G-IASB","12983"
"XA-YNZ","12988"
"N820JL","12991"
"N828SN","12992"
"N604DR","12993"
"N645PM","12994"
"N799AG","12995"
"N478CB","12996"
"LX-MIC","13003"
"OM-YKS","13004"
"N881JH","13005"
"N506R","13006"
"N82HR","13007"
"SP-VIK","13008"
"N610CG","13009"
"N851EB","13019"
"SP-NVM","13020"
"N982EC","13021"
"N650W","13024"
"N611AT","13027"
"N337WR","13030"
"D-ILWP","13031"
"N644AT","13036"
"C-GCAQ","13038"
"N884BB","13040"
"N720MH","13043"
"N570DC","13044"
"N685VM","13046"
"N551FP","13048"
"OE-FGC","13049"
"N858CV","13050"
"N523TW","13051"
"D-ITOC","13053"
"N175WA","13055"
"N599GD","13056"
"F-HAJD","13057"
"N1811S","13058"
"HA-YFJ","13059"
"N11CP","13061"
"N633PJ","13063"
"N401S","13066"
"N450WC","13067"
"N579WA","13069"
"F-HGJF","13070"
"N866CB","13073"
"N560BG","13074"
"SP-CIT","13075"
"SP-DLV","13076"
"SE-LTL","13081"
"N42BG","13083"
"N850SX","13086"
"N379R","13089"
"N550TH","13090"
"N780XJ","13092"
"VH-NJC","13095"
"D-IPCH","13097"
"N786CC","13098"
"PH-AJX","13099"
"N600RA","13101"
"N25MX","13105"
"OY-JSW","13107"
"4L-VIP","13108"
"9H-VJZ","13109"
"9H-HANSA","13110"
"C-FBQM","13111"
"9H-YOU","13115"
"N107PT","13117"
"N284HS","13119"
"N794JS","13122"
"N765WT","13125"
"N329MC","13127"
"N323RR","13131"
"N3MR","13132"
"N390BR","13134"
"N891L","13135"
"DB-EER","13136"
"DB-FIL","13137"
"LV-JIQ","13138"
"OY-WLD","13139"
"SX-AQG","13140"
"N468SP","13142"
"N771HM","13144"
"N989SF","13148"
"N269WR","13149"
"N55EA","13153"
"N278SC","13156"
"OY-SWO","13158"
"N108JE","13159"
"LX-LTI","13161"
"F-HTED","13163"
"N804AC","13167"
"N842PA","13168"
"N995TX","13169"
"TC-AHL","13170"
"F-HTMM","13173"
"N125DG","13175"
"N611BV","13179"
"N92CJ","13182"
"N818LX","13183"
"OE-ITH","13186"
"D-IFIS","13187"
"D-CRON","13188"
"N82BB","13189"
"N536XJ","13191"
"N303JE","13192"
"XA-UXX","13193"
"N374PM","13194"
"N322AP","13195"
"N609RC","13197"
"N198SB","13198"
"N527NP","13199"
"N10DH","13202"
"N906TR","13203"
"N720VM","13204"
"N188SF","13205"
"N719BH","13208"
"N116MB","13211"
"N26BT","13212"
"N988CV","13214"
"G-HARG","13217"
"EC-NOC","13218"
"F-HSFN","13219"
"N338R","13220"
"N350HC","13223"
"N709CB","13224"
"N211PJ","13225"
"N613KJ","13226"
"N321MS","13227"
"N985CL","13228"
"OK-PMP","13229"
"N390DP","13230"
"N744CB","13233"
"C-GDWF","13235"
"G-LEAX","13236"
"N91JS","13237"
"N441BP","13238"
"N868PZ","13241"
"N261PW","13243"
"N510AN","13244"
"N198HB","13248"
"N100FN","13254"
"N416AT","13255"
"N74VW","13256"
"N812LL","13259"
"N516GH","13260"
"N211DR","13261"
"N319FS","13267"
"N724SA","13269"
"DI-JKH","13270"
"N991FR","13271"
"N170JC","13272"
"F-HLRZ","13274"
"9H-VIC","13276"
"9H-KDR","13277"
"9H-MAC","13278"
"9H-VCL","13279"
"C-FAJC","13282"
"C-FGGE","13283"
"9H-ARE","13284"
"SX-BKY","13288"
"N750GM","13291"
"G-JSNS","13294"
"DA-WWW","13297"
"G-VUYK","13298"
"N449AM","13299"
"TC-SMY","13300"
"N151XL","13305"
"N323SE","13307"
"N939TW","13308"
"N356VJ","13309"
"C-GTUK","13311"
"DC-XLS","13317"
"XA-WIN","13318"
"OK-MAR","13322"
"D-CETB","13324"
"N333LX","13325"
"N626NT","13326"
"N333BD","13329"
"N979DR","13331"
"N441QC","13332"
"VP-CSY","13334"
"N751ED","13336"
"N142JE","13337"
"N5GF","13339"
"N808JG","13340"
"N59TF","13341"
"N367LJ","13342"
"N7220J","13344"
"N355FA","13345"
"N416RJ","13348"
"N56RJ","13349"
"N254SB","13350"
"N718JJ","13351"
"DA-PRS","13358"
"N560AD","13361"
"N65SQ","13362"
"N48KZ","13364"
"CS-EFF","13365"
"F-HECD","13366"
"N725VM","13368"
"N202RL","13370"
"C-GORN","13372"
"N667JD","13373"
"N690VM","13374"
"N70VM","13375"
"OE-GDS","13377"
"N700MV","13379"
"EJ-JMMM","13383"
"N285GA","13384"
"N77SF","13385"
"OO-CCJ","13389"
"N379DB","13391"
"CS-DOS","13396"
"N204BG","13397"
"N5JM","13400"
"N539PE","13401"
"N60RD","13402"
"SP-DOM","13405"
"N223LM","13408"
"N955GH","13413"
"N1HS","13418"
"N459MA","13419"
"N960JS","13422"
"N772XJ","13425"
"CC-AYY","13428"
"A6-VGG","13429"
"A6-CPC","13431"
"C-FANJ","13435"
"C-FHRL","13437"
"C-FBKD","13438"
"9H-JOY","13442"
"N227NS","13446"
"OH-SWI","13447"
"SP-ZAK","13448"
"OE-IXG","13451"
"EC-KPB","13455"
"N593JG","13458"
"OE-HGG","13461"
"HB-JAZ","13462"
"N580JH","13463"
"OE-IGP","13464"
"SP-RIO","13465"
"XA-RUV","13466"
"N576SC","13471"
"N535LB","13475"
"N964GB","13476"
"N860CR","13478"
"N32JE","13479"
"N320JE","13480"
"ZS-PSA","13482"
"N833JB","13484"
"ZS-MIG","13487"
"D-ISTP","13495"
"N800CU","13496"
"F-HPHX","13497"
"SE-RLX","13498"
"D-AUKE","13502"
"N955PS","13504"
"N970RG","13505"
"N829DL","13506"
"N350VJ","13508"
"N535XJ","13509"
"N704DA","13511"
"N412AB","13513"
"OH-MIP","13515"
"N6878C","13516"
"N596HP","13518"
"N432RJ","13520"
"N290MX","13521"
"N202FF","13522"
"N335WH","13523"
"N14RD","13524"
"OY-JJJ","13526"
"G-CDZT","13527"
"N445MD","13528"
"OE-GAF","13529"
"N881TW","13533"
"N551CB","13534"
"N316GV","13535"
"N129TP","13536"
"N999LR","13539"
"N209RW","13543"
"N116DA","13544"
"N702LV","13545"
"N62GX","13548"
"N4615C","13549"
"N702RW","13550"
"TC-STO","13551"
"N350HH","13553"
"N651CC","13554"
"N859JC","13562"
"TC-RMK","13563"
"EC-LZS","13566"
"SP-MBW","13568"
"N865PC","13569"
"N415B","13572"
"N317MP","13573"
"EC-NGX","13574"
"N804TB","13575"
"N525RE","13577"
"N514TB","13578"
"N717XJ","13579"
"N551RA","13580"
"N399LF","13582"
"C-GOFS","13585"
"N495DD","13586"
"N776RB","13588"
"9H-VIG","13592"
"9H-VCP","13594"
"9H-OWL","13597"
"C-GNRC","13603"
"N641AT","13609"
"N707HD","13614"
"N9943P","13615"
"D-ANXA","13619"
"LV-BOU","13620"
"N288HL","13621"
"N395AM","13622"
"N516DB","13623"
"TC-MFY","13624"
"XA-PMS","13625"
"N207JB","13627"
"D-AEOM","13628"
"N364AE","13629"
"N7799T","13631"
"N513UB","13633"
"XA-HEL","13634"
"N650TP","13639"
"D-IKBO","13641"
"N826LJ","13642"
"N333MV","13648"
"N889MR","13649"
"N724JJ","13652"
"N22VK","13655"
"CS-REU","13656"
"D-CJMS","13657"
"N70HW","13658"
"XA-PSO","13660"
"N792MP","13662"
"N475DH","13663"
"N2615Q","13666"
"LN-KYV","13668"
"N615AM","13674"
"N611AZ","13676"
"SP-TOP","13677"
"N969RE","13680"
"PH-UZI","13681"
"N551XJ","13685"
"N308JE","13686"
"N177TA","13693"
"N61WF","13694"
"N650AT","13702"
"D-ISUN","13704"
"N603GR","13705"
"N1111G","13706"
"N127ZA","13707"
"LV-JJQ","13708"
"N399NC","13709"
"D-AFAI","13712"
"D-CFHZ","13713"
"D-CEHM","13714"
"C-GHBS","13716"
"N525KY","13723"
"HA-YFK","13724"
"F-HBZA","13728"
"D-IAAY","13731"
"D-CDIM","13732"
"N550EW","13736"
"F-HFCN","13739"
"N78ZE","13740"
"N168SW","13741"
"N176SM","13743"
"N125DJ","13744"
"N26FA","13746"
"N479ST","13749"
"N939HE","13750"
"G-JAGA","13754"
"N560WL","13755"
"N591SS","13759"
"SE-MJU","13760"
"N83SD","13762"
"N595BA","13763"
"SP-MSI","13765"
"N401BC","13767"
"N417SK","13768"
"N680DJ","13769"
"G-NOCM","13771"
"N782XJ","13772"
"D-COKE","13776"
"N793XJ","13777"
"N220RA","13778"
"N266AJ","13779"
"C-GUPP","13782"
"9H-VIE","13783"
"CF-NCG","13784"
"A7-CGA","13785"
"9H-RMD","13789"
"2-NITE","13790"
"2-TRVL","13791"
"OE-GDF","13793"
"TC-SHE","13794"
"LV-IRQ","13795"
"OO-AIE","13803"
"N727KB","13806"
"N808CF","13807"
"N63DZ","13808"
"N650SG","13811"
"LX-AND","13816"
"N807LA","13817"
"N624BR","13818"
"N57FL","13819"
"N219JL","13821"
"D-CANG","13822"
"ZS-LAC","13823"
"N1850X","13824"
"N4488L","13825"
"N586GA","13829"
"D-CHMS","13838"
"N404WC","13840"
"N209FB","13841"
"N317PC","13842"
"N500MW","13845"
"HB-VVU","13846"
"N950MJ","13847"
"OE-HWM","13849"
"LX-TRO","13851"
"CS-VLZ","13856"
"LV-HAT","13858"
"N119BG","13865"
"N646TX","13866"
"SE-RLT","13868"
"OK-PCF","13873"
"N15RK","13874"
"N850SG","13877"
"N131JE","13880"
"OO-ROK","13883"
"N772CS","13884"
"D-ISJP","13889"
"N880PL","13892"
"N537EM","13893"
"N54CM","13894"
"N61RJ","13896"
"YU-PDD","13898"
"N734DB","13902"
"G-OMTX","13903"
"N308GV","13904"
"N331GV","13905"
"G-UXLA","13907"
"N330GV","13910"
"N680MB","13911"
"LX-EVM","13912"
"N905LC","13913"
"N650RA","13914"
"N369LL","13915"
"N377PL","13916"
"N345KM","13917"
"F-HTSB","13918"
"N54DD","13924"
"N560CL","13925"
"G-FOMO","13926"
"N5346M","13927"
"C-GCGU","13930"
"YR-TAR","13931"
"RA-10208","13936"
"SE-KVL","13937"
"OK-BII","13946"
"N503AB","13948"
"D-IPVD","13950"
"N730RA","13951"
"N525CR","13952"
"N680PC","13953"
"VH-ZLT","13955"
"N419MA","13956"
"N757XJ","13957"
"N850RA","13958"
"N500LY","13959"
"N604SG","13960"
"N622KM","13962"
"9H-AMF","13964"
"A7-CGC","13967"
"9H-LIV","13968"
"9H-777MF","13971"
"9H-JAD","13972"
"N63JK","13975"
"N81GJ","13976"
"N104R","13978"
"N188TH","13979"
"N724TR","13980"
"N202EE","13982"
"N296CX","13983"
"LY-KDT","13984"
"N232BG","13988"
"EC-KRN","13990"
"F-HCTV","13991"
"N608MM","13992"
"N90FX","13993"
"N923JR","13994"
"SU-GCI","13995"
"ZS-OKA","13996"
"N577CF","13998"
"F-HMED","14005"
"D-ANEO","14006"
"N502RZ","14008"
"N539XJ","14010"
"N306JE","14011"
"LX-NST","14015"
"N811TD","14016"
"N116HL","14018"
"ZS-TSW","14019"
"OE-EPH","14020"
"D-BOSS","14021"
"F-HGET","14024"
"N178WF","14025"
"N874EB","14026"
"N1955J","14029"
"N144PA","14030"
"N83HA","14034"
"N335F","14037"
"D-CJBH","14042"
"ES-SLS","14045"
"N801PB","14046"
"N442CJ","14047"
"N380CR","14048"
"N376KC","14051"
"D-CENT","14052"
"N177BB","14053"
"N297AP","14054"
"N284J","14055"
"N89BC","14056"
"N827SM","14057"
"N508CK","14058"
"D-CGER","14063"
"N58BL","14065"
"C-GJKA","14068"
"C-GQCC","14069"
"N97EJ","14070"
"N710VM","14071"
"N1932K","14072"
"N650SF","14073"
"LV-KAX","14076"
"LV-JUN","14078"
"VH-OTK","14079"
"N880P","14083"
"N187CR","14084"
"LX-ZIO","14086"
"OE-IXI","14087"
"N50XY","14088"
"D-FALC","14090"
"N96JT","14091"
"N501HM","14092"
"N140H","14093"
"VT-VRS","14095"
"N725TR","14097"
"N451KR","14098"
"N786TT","14099"
"N618PJ","14101"
"N942FK","14102"
"N2020","14103"
"G-EMLG","14106"
"CP-2790","14107"
"CS-DVZ","14111"
"N533CM","14112"
"N368HS","14115"
"N395WJ","14117"
"N604CH","14118"
"N751XJ","14120"
"N511DP","14122"
"N848C","14123"
"N900HG","14125"
"9H-FLYIN","14130"
"N106CK","14136"
"N903PJ","14138"
"N220F","14139"
"F-HFRF","14140"
"D-IMHA","14141"
"G-USHA","14142"
"N31GJ","14143"
"HK-4603","14144"
"N104RJ","14146"
"N319GG","14148"
"G-KGKG","14150"
"F-HGCP","14153"
"N26SM","14154"
"N501JG","14160"
"N725BD","14161"
"SE-RLU","14162"
"N378DB","14164"
"N39QJ","14165"
"G-SOVB","14166"
"F-HICU","14168"
"N702SS","14170"
"HI1052","14172"
"N30MZ","14173"
"N358VJ","14175"
"N534XJ","14176"
"N557XJ","14177"
"N83WG","14179"
"N359VJ","14180"
"N301WM","14182"
"LN-AWC","14184"
"N212RG","14185"
"N646LA","14186"
"N809TD","14187"
"N393JE","14190"
"N88ND","14191"
"N239JT","14192"
"N122VR","14197"
"N401JE","14200"
"N211EC","14203"
"N711EC","14208"
"N858MY","14209"
"N8821C","14213"
"OK-RPM","14214"
"N119FM","14217"
"D-AFAO","14220"
"N747CA","14223"
"G-SOVH","14227"
"D-AFAU","14229"
"N445N","14230"
"TC-TIT","14232"
"N400SC","14237"
"N745JS","14238"
"SX-GOD","14239"
"N7SB","14245"
"N134FM","14246"
"N179ER","14251"
"N38JV","14252"
"F-HGIM","14253"
"N212JA","14258"
"G-KVIP","14261"
"SP-EAK","14263"
"N129TK","14264"
"N247FR","14265"
"G-ZVIP","14267"
"N610CR","14270"
"OK-DSY","14271"
"N900TE","14273"
"N889CG","14277"
"N191N","14279"
"EJ-REVA","14280"
"N504FM","14281"
"N838GD","14282"
"N239JV","14284"
"9H-VCA","14285"
"9H-JCE","14286"
"C-FDSH","14288"
"A7-CGD","14290"
"9H-XOB","14291"
"C-FSTX","14292"
"C-FXGO","14294"
"C-FXDE","14295"
"C-GVFX","14298"
"N511JL","14303"
"F-HRCA","14304"
"D-IDBA","14311"
"N26HE","14312"
"CS-RRC","14315"
"HB-JWX","14316"
"D-ICMD","14319"
"HB-FWP","14320"
"IZACK","14321"
"N480ES","14322"
"N881FS","14323"
"OE-GSX","14324"
"OM-TAA","14325"
"VH-NJR","14326"
"N912DP","14329"
"N560LS","14335"
"N682RV","14337"
"D-ATMJ","14339"
"N328RS","14340"
"SP-MED","14343"
"N715N","14344"
"N503VJ","14345"
"N1D","14348"
"N651FX","14357"
"UP-EM018","14358"
"N508DJ","14360"
"N456JA","14361"
"HK-4756","14365"
"N15Y","14366"
"G-ZNTJ","14368"
"N560PA","14370"
"N420XE","14372"
"N939AJ","14374"
"G-GHSV","14375"
"N963AD","14379"
"N982MM","14380"
"N518KB","14381"
"N805CW","14382"
"SP-KLN","14386"
"N93AM","14391"
"N510KZ","14392"
"N300CQ","14394"
"N205MS","14395"
"N441BW","14398"
"N711TQ","14399"
"N450WG","14402"
"N787BN","14404"
"N900MT","14405"
"N522BN","14406"
"G-GCCM","14409"
"PH-IWS","14414"
"TC-SPL","14418"
"DI-LUI","14421"
"N623MS","14429"
"SX-BMK","14430"
"N858EE","14431"
"N50NM","14432"
"N810BE","14433"
"N437MC","14435"
"G-LZRI","14437"
"N70NJ","14438"
"N551SW","14441"
"N926PN","14442"
"N926TT","14443"
"N136PA","14444"
"N1440Z","14445"
"N807DD","14449"
"N104TQ","14451"
"N829SA","14452"
"EC-LCX","14454"
"LY-HCW","14457"
"N998G","14459"
"SP-VDH","14460"
"N963RS","14461"
"N499AV","14466"
"N1848S","14468"
"N18RC","14470"
"N735XJ","14472"
"TC-FNH","14479"
"VH-IXT","14480"
"N160GG","14482"
"N117KB","14483"
"N395BC","14484"
"N878SL","14486"
"9H-VCE","14488"
"9H-JPC","14489"
"9H-JLK","14491"
"9H-NATE","14492"
"9H-VCN","14494"
"C-FXDB","14499"
"N300RC","14503"
"N824PM","14508"
"OK-JRE","14509"
"LV-GQN","14510"
"N450KV","14511"
"N35EA","14512"
"N644SD","14515"
"N499GS","14516"
"N96GA","14517"
"N909MM","14518"
"N2926E","14519"
"LX-FDA","14521"
"HB-JRQ","14522"
"OY-VIZ","14523"
"N400SF","14524"
"N607SB","14526"
"N244JX","14527"
"N6BR","14528"
"OE-FUX","14529"
"T7-OCH","14530"
"YU-PEE","14531"
"CS-DEY","14537"
"N430S","14540"
"XA-UUQ","14541"
"N773RB","14543"
"N311GS","14544"
"N448CJ","14545"
"PH-GHZ","14546"
"N541XJ","14548"
"N44WG","14550"
"N300EE","14556"
"F-HIMC","14557"
"N247EJ","14558"
"N913CF","14559"
"TC-ALG","14560"
"D-ARIE","14563"
"PH-DWC","14566"
"N450BG","14572"
"N777ZL","14574"
"HB-FUU","14576"
"N257BW","14578"
"N494TG","14580"
"N938RD","14581"
"C-GTPJ","14582"
"N883LD","14583"
"DC-FRT","14585"
"N33610","14586"
"N748NP","14589"
"HB-JLC","14592"
"N620MA","14594"
"N850FB","14595"
"N9WW","14597"
"N610GG","14598"
"XA-IJC","14600"
"N936EA","14602"
"OH-JEM","14606"
"N167SC","14608"
"N302GV","14609"
"N115LR","14610"
"N800EA","14612"
"N35GR","14613"
"N643EA","14614"
"N242GM","14617"
"N720EE","14618"
"PH-NDK","14619"
"N88JJ","14622"
"N560MC","14623"
"N17FA","14624"
"N227MC","14628"
"N44GJ","14630"
"N788SC","14632"
"N192RW","14633"
"D-IMOI","14634"
"N561SR","14635"
"N917JG","14636"
"N561ST","14639"
"OE-FIX","14643"
"N915SF","14645"
"SP-DRK","14649"
"N155TM","14652"
"N204CA","14653"
"N958BX","14654"
"F-HGPE","14655"
"N264RV","14659"
"N6FJ","14660"
"N123HK","14661"
"N558RA","14662"
"N813FM","14663"
"N401SY","14664"
"N46MW","14665"
"N43XT","14666"
"N760XJ","14668"
"C-FVCC","14676"
"2-EMBR","14677"
"4K-JJ8","14678"
"9A-JSD","14681"
"9H-ANS","14682"
"C-FCAG","14683"
"C-FGCV","14684"
"9H-AOA","14685"
"9H-IRL","14689"
"9H-FCM","14690"
"9H-CLG","14691"
"N225GT","14692"
"N145PJ","14696"
"N312DB","14697"
"N800WT","14698"
"N42592","14699"
"N164RA","14700"
"HK-5068","14702"
"N615KJ","14705"
"N631VR","14706"
"LX-YES","14707"
"N155CG","14710"
"OE-HUB","14711"
"OY-JRU","14712"
"VH-XNU","14713"
"N322FJ","14714"
"N214LD","14716"
"N454TX","14718"
"N428KS","14719"
"N770XJ","14722"
"LY-JMS","14727"
"LY-BGS","14728"
"D-CSUN","14732"
"C-GJRG","14734"
"N699DB","14735"
"YR-WNT","14736"
"N450S","14738"
"N768JJ","14741"
"D-IKCG","14754"
"D-IJOA","14757"
"N61591","14758"
"N390JV","14760"
"N321EJ","14762"
"SE-RKL","14763"
"D-IGWT","14767"
"XA-JTL","14768"
"N20BD","14770"
"OH-WWW","14771"
"N631KA","14772"
"N420KM","14775"
"N617CB","14776"
"PH-EBR","14777"
"N17TX","14779"
"N156RE","14781"
"N888CS","14798"
"N223TP","14799"
"N700NA","14800"
"N49DK","14802"
"I-MDEA","14803"
"N743WJ","14804"
"N821CT","14805"
"D-CPSH","14807"
"N80PT","14808"
"N971MC","14809"
"G-MATO","14810"
"N72LN","14811"
"N420KV","14812"
"OK-BEE","14816"
"N992MG","14817"
"N448GL","14819"
"N1624K","14821"
"OK-DSJ","14823"
"N560HX","14825"
"N800HH","14827"
"SE-RMC","14828"
"N600LY","14829"
"N251KD","14830"
"I-AFOI","14832"
"VH-PNM","14834"
"DC-ESA","14838"
"OB-2088","14839"
"N395MB","14840"
"9H-VCF","14843"
"9H-VJU","14846"
"C-FBTR","14851"
"N900EB","14852"
"N755AP","14854"
"N302TB","14855"
"OK-PTT","14857"
"N508KD","14858"
"N1103G","14860"
"N579M","14863"
"N868DM","14864"
"N416JT","14869"
"N429LH","14870"
"N74TM","14871"
"CN-TKC","14873"
"N394AK","14874"
"EJ-ROXY","14879"
"N950JK","14883"
"N66CL","14886"
"N314JE","14887"
"C-GSJK","14889"
"OE-LHA","14891"
"N525DP","14895"
"LZ-CVA","14897"
"N990H","14898"
"N995LP","14899"
"OE-GXT","14900"
"OK-PHE","14901"
"XA-UYQ","14902"
"XA-AAL","14906"
"N900DS","14911"
"N211BD","14914"
"N712ML","14920"
"D-IOVA","14921"
"N713FL","14924"
"N391DT","14928"
"N243PG","14929"
"SE-RNP","14932"
"N168GG","14935"
"D-CHAT","14936"
"G-KELT","14937"
"C-GKGN","14938"
"N34EH","14942"
"N650HJ","14943"
"N699ST","14944"
"N360AV","14945"
"LV-CPC","14946"
"N320GV","14949"
"N18TD","14953"
"N222LX","14955"
"N617MW","14956"
"N680VM","14957"
"EC-MNH","14958"
"D-ISAR","14962"
"N32FJ","14965"
"N719SS","14968"
"N530JW","14969"
"N712BH","14971"
"N120FT","14973"
"N417TM","14974"
"N525VE","14975"
"N560CF","14978"
"N143DE","14979"
"N700DS","14981"
"N356BZ","14982"
"TC-SSA","14984"
"N811CE","14990"
"N475CW","14991"
"N330PK","14994"
"N408FZ","14995"
"N850PE","14996"
"N293CK","14997"
"F-GYPE","14999"
"N451GA","15001"
"N725SJ","15003"
"G-FLYK","15005"
"N700FJ","15007"
"CS-DPV","15008"
"N130JE","15009"
"N977GS","15010"
"N774XJ","15011"
"N427DM","15014"
"G-FLYW","15018"
"9H-VJW","15023"
"C-FTJP","15024"
"N81DR","15030"
"N51GJ","15032"
"OH-WIL","15034"
"D-ACCF","15037"
"N947JS","15038"
"N72SG","15044"
"LY-FLT","15046"
"N755JG","15049"
"N438E","15050"
"D-CROG","15054"
"D-CMSL","15056"
"F-GLUX","15057"
"N196JH","15058"
"N85GC","15059"
"N885GM","15060"
"T7-SFG","15061"
"N501XP","15063"
"N752M","15064"
"SE-RLY","15066"
"N373AR","15067"
"N583AJ","15068"
"N30TE","15072"
"OY-LLG","15077"
"G-VTLY","15079"
"N502VJ","15081"
"N315JE","15082"
"N402JE","15084"
"LX-JVC","15085"
"N941SP","15086"
"OE-HCU","15087"
"N651TW","15090"
"HB-JFI","15091"
"N650MP","15092"
"N9273","15096"
"N315HC","15097"
"N135SC","15098"
"N401HT","15100"
"N109EZ","15103"
"N8850","15106"
"N773LM","15107"
"XA-FAF","15108"
"D-IEGO","15112"
"N350HJ","15114"
"N595AB","15117"
"N784CC","15118"
"N156SB","15119"
"N731NG","15120"
"N300RL","15121"
"EJ-VAIS","15126"
"N905LP","15128"
"N17XR","15129"
"N100WT","15131"
"N847GH","15132"
"N24SM","15134"
"N300GV","15136"
"N999TR","15139"
"C-GJLJ","15140"
"N910DP","15143"
"EC-JIU","15145"
"PT-WZC","15146"
"D-IAAW","15149"
"D-CAPO","15151"
"N140WH","15153"
"N96CE","15154"
"G-KOLO","15155"
"C-GZOX","15158"
"D-IAAD","15159"
"N1114K","15160"
"N691DK","15161"
"N720TM","15162"
"N125LE","15163"
"N70PS","15165"
"N143TA","15169"
"N800GF","15173"
"C-GTUF","15175"
"EC-NQS","15176"
"OK-BZZ","15180"
"N525EZ","15183"
"N971TB","15184"
"OK-KUK","15185"
"N238LM","15186"
"EC-LQF","15188"
"N560PG","15191"
"N599TA","15192"
"N409MN","15195"
"N97FT","15199"
"N239CD","15200"
"N60AR","15201"
"N11AM","15205"
"N400FJ","15207"
"9H-EDT","15210"
"9H-VCD","15211"
"OH-WIX","15225"
"N33NE","15226"
"N531AW","15227"
"N554DG","15232"
"OE-HAG","15234"
"OE-IGG","15239"
"N100KZ","15241"
"VP-CAY","15242"
"CS-DOL","15243"
"N211ML","15246"
"N52NG","15252"
"N358F","15253"
"HI1065","15255"
"N176JE","15256"
"N604AV","15260"
"N201XJ","15261"
"N265HT","15262"
"OE-LUA","15263"
"T7-BBS","15266"
"D-CDCM","15267"
"CS-DSG","15269"
"N920EJ","15270"
"XA-JLJ","15274"
"D-IENE","15277"
"N106VP","15280"
"N680G","15281"
"N224CX","15288"
"D-APLC","15290"
"N740KD","15291"
"N777WY","15293"
"SE-DZP","15297"
"N721EC","15298"
"N624GJ","15300"
"N305LX","15301"
"N403AA","15302"
"N178MM","15304"
"N886YS","15309"
"N4500X","15311"
"N304GV","15312"
"N324GV","15313"
"N200NS","15314"
"N900LC","15315"
"ES-PVP","15316"
"N525F","15317"
"N69DT","15318"
"N54HA","15319"
"N806KM","15320"
"N707BM","15324"
"N909BP","15328"
"LV-CCO","15330"
"EJ-SCOT","15331"
"N154MH","15333"
"N710MV","15334"
"N372CZ","15337"
"N16510","15339"
"F-GLTK","15340"
"N906MC","15343"
"N3330M","15344"
"N157XL","15346"
"N830RR","15347"
"C-GCVS","15354"
"N513BE","15357"
"N550JP","15359"
"N561AB","15361"
"N508AB","15362"
"HB-JSC","15363"
"G-IFMI","15365"
"F-HXRG","15366"
"N145JA","15368"
"N935RK","15369"
"N772PP","15370"
"DC-TTT","15372"
"DI-MIM","15373"
"N794XJ","15374"
"N352DJ","15375"
"N750NG","15376"
"N16BG","15377"
"9H-VVP","15379"
"A7-CGF","15380"
"C-FWXR","15385"
"C-FJDQ","15387"
"C-FSNC","15388"
"B-652L","15389"
"C6-JTT","15390"
"OO-GPE","15391"
"N63WG","15396"
"D-CHGS","15397"
"N143CB","15399"
"RA-02793","15400"
"N552GR","15406"
"N358TD","15407"
"SX-FDK","15409"
"N573CM","15410"
"F-HSAS","15412"
"N992CE","15414"
"XA-DLN","15415"
"D-BDCA","15417"
"S5-BBC","15418"
"N486VC","15420"
"N176QF","15424"
"D-AAAY","15427"
"N555DH","15429"
"N356N","15430"
"N374N","15431"
"N377N","15432"
"N118DL","15433"
"N550XJ","15434"
"N225SB","15437"
"LX-EOS","15438"
"N458WB","15440"
"CS-DSF","15442"
"D-CIKS","15443"
"N229LH","15444"
"N520FX","15445"
"N604PW","15446"
"N851GV","15447"
"C-GYQG","15455"
"N650GU","15461"
"N88MM","15463"
"D-FORH","15466"
"N107CX","15467"
"S5-CES","15470"
"N334US","15474"
"N190SA","15475"
"N662JS","15476"
"N624MY","15477"
"N53CV","15478"
"N75TG","15484"
"N760ED","15487"
"N849TW","15489"
"N874C","15490"
"N86NP","15492"
"N345FM","15493"
"N850UX","15494"
"D-BEAM","15496"
"N546AD","15497"
"N1066W","15498"
"N389RA","15500"
"N35CT","15503"
"N767WF","15504"
"F-HSTB","15505"
"N458RM","15506"
"N217EC","15507"
"C-GGGT","15512"
"N570RR","15513"
"N875DM","15515"
"N125JJ","15516"
"N54YC","15517"
"I-KREM","15519"
"C-GJCB","15520"
"N777LX","15525"
"N1226","15526"
"N981AM","15529"
"C-GJET","15531"
"RA-09604","15534"
"D-ALDG","15535"
"N590CV","15538"
"YU-SVJ","15542"
"PH-CMW","15548"
"N507WM","15549"
"N5861B","15551"
"N71HC","15557"
"N218JE","15558"
"N5BC","15559"
"N934CW","15560"
"N814ST","15563"
"N247CM","15564"
"N661WD","15565"
"F-HMUT","15566"
"D-ACCC","15567"
"CF-OWK","15569"
"9H-RIM","15571"
"9A-BTI","15572"
"9H-VIH","15573"
"C-FHNS","15575"
"CF-XXU","15576"
"OO-WLP","15578"
"N111NB","15579"
"N451A","15585"
"N953JF","15586"
"F-HYRL","15589"
"N933JJ","15594"
"N622N","15596"
"N467AM","15605"
"OE-EHA","15606"
"PP-IVA","15607"
"N357N","15610"
"D-AWBF","15619"
"G-KION","15621"
"D-IEGA","15622"
"DC-KVI","15623"
"EC-JFT","15624"
"N702NF","15626"
"N88CA","15627"
"N890TX","15632"
"RA-02794","15634"
"D-IBLU","15636"
"N656ZM","15641"
"N8JW","15642"
"N950TR","15644"
"N52SM","15648"
"XA-DIJ","15649"
"N611MR","15650"
"N59JN","15651"
"N640AK","15652"
"N537XJ","15657"
"N309JE","15658"
"N479PF","15659"
"N480JE","15663"
"N88AF","15664"
"N64VM","15666"
"N29BY","15668"
"N360JE","15669"
"N453JE","15670"
"N516MC","15671"
"N962MM","15672"
"N732AA","15673"
"N132N","15674"
"CS-DTR","15676"
"N581FL","15677"
"N314GV","15679"
"ES-PVH","15682"
"N483TW","15683"
"YR-DDN","15686"
"N311EW","15689"
"N474KC","15690"
"N741VE","15691"
"N101JE","15692"
"N100VE","15693"
"PK-TWX","15694"
"N479LT","15696"
"N809PS","15697"
"N532LW","15701"
"N76ZE","15702"
"N719NK","15703"
"N770TD","15704"
"N3VJ","15705"
"N960GR","15708"
"OO-SUN","15710"
"N302RV","15711"
"N178PT","15714"
"N739S","15715"
"C-GSFU","15716"
"N940VA","15717"
"N506AB","15721"
"N899JF","15723"
"N31RA","15724"
"N719XJ","15729"
"N330GC","15731"
"N286JR","15735"
"2-RBTS","15736"
"2-SHOT","15737"
"9H-XOA","15738"
"C-FFTR","15739"
"C-FFBE","15741"
"C-FJIC","15743"
"C6-EAC","15744"
"N101PK","15745"
"OK-STS","15746"
"OH-WIW","15751"
"N925AF","15756"
"N253XS","15758"
"YL-ARE","15759"
"N2G","15764"
"LZ-EGT","15766"
"N100GX","15767"
"N946WT","15768"
"D-AAAX","15777"
"SP-OMI","15779"
"N289RT","15786"
"N612FA","15787"
"N27FJ","15791"
"N421FC","15792"
"N87SN","15793"
"N928K","15794"
"G-IPLY","15802"
"N501LL","15803"
"N800SD","15805"
"SP-AGA","15810"
"N533XJ","15812"
"N132JE","15813"
"D-IOLB","15818"
"N80AK","15822"
"N60GF","15823"
"N82NG","15824"
"N285XP","15825"
"N718HC","15826"
"N296L","15827"
"D-IOHL","15828"
"N777JZ","15830"
"N917FH","15831"
"N396BC","15833"
"N367DA","15840"
"N351AJ","15842"
"N917EA","15844"
"N34SJ","15846"
"N968SR","15849"
"N215RB","15850"
"VH-RDI","15852"
"PK-ELI","15853"
"N605CE","15854"
"N835CB","15855"
"D-IAAR","15856"
"N786SC","15857"
"N88CH","15859"
"N90KM","15860"
"N9103J","15865"
"N804JM","15866"
"D-BEKP","15867"
"N388FT","15869"
"N204CF","15870"
"N200LC","15873"
"N843GS","15874"
"N871CB","15875"
"N803SD","15876"
"SX-IXL","15879"
"D-IFAS","15881"
"N301SE","15882"
"N733FL","15883"
"G-ULFX","15886"
"N928JK","15888"
"N412TS","15892"
"N68UP","15893"
"N795MM","15895"
"N395AA","15897"
"N575RD","15898"
"N479MA","15899"
"N910DF","15900"
"OE-GPP","15903"
"N623KM","15907"
"S5-BBG","15909"
"B-8256","15910"
"B-7795","15912"
"B-3370","15913"
"HS-LEE","15916"
"PK-RJP","15919"
"T7-280","15924"
"T7-LKT","15925"
"T7-YBH","15926"
"VH-PFL","15928"
"VH-PFV","15929"
"VH-PFW","15930"
"PK-IDR","15934"
"JA-525M","15936"
"JA-10MZ","15937"
"B-3999","15943"
"B-8279","15944"
"B-3098","15948"
"B-5999","15951"
"B-8295","15957"
"B-91688","15962"
"B-98888","15963"
"B-8306","15965"
"B-8301","15966"
"B-91A8","15979"
"B-7767","15980"
"B-651H","15982"
"B-7697","15983"
"B-7696","15984"
"B-3373","15990"
"VN-A268","15992"
"9M-TAN","15995"
"B-3006","16000"
"B-3008","16001"
"B-8263","16002"
"B-8125","16003"
"B-10EH","16007"
"N585D","16009"
"N2397T","16014"
"9H-VONE","16015"
"T7-SKL","16017"
"A7-CGL","16018"
"A7-CGQ","16019"
"A6-CJB","16020"
"A7-CEF","16021"
"A7-CEV","16022"
"A7-CGN","16023"
"A7-CGH","16024"
"A7-CGU","16025"
"A7-MED","16026"
"A7-CGM","16027"
"A7-CGI","16028"
"A7-HHJ","16029"
"A7-CGO","16030"
"A7-CGJ","16031"
"A7-CHA","16032"
"A7-CHB","16033"
"A7-CHC","16034"
"A7-CHD","16035"
"I-FDED","16036"
"G-NICB","16037"
"G-POYA","16038"
"G-MDSI","16039"
"F-HESR","16040"
"F-HDSJ","16041"
"OE-GHB","16042"
"OE-GRM","16043"
"OM-GLE","16044"
"I-TOPH","16045"
"I-TOPF","16046"
"I-JSET","16047"
"OE-IIS","16048"
"ZS-NEX","16049"
"HA-JEV","16050"
"HA-FIT","16051"
"HA-JEF","16052"
"HA-JEX","16053"
"HA-JEO","16054"
"HA-SCS","16055"
"HA-SCU","16056"
"HA-SCT","16057"
"N818CA","16058"
"XA-FDM","16059"
"N154CA","16060"
"N112AF","16061"
"N916AF","16062"
"N954AF","16063"
"N923AF","16064"
"N955AF","16065"
"PH-UNC","16066"
"N103JT","16067"
"N101JT","16068"
"N511CT","16069"
"9H-MRQ","16070"
"EJ-KGRP","16071"
"SX-API","16072"
"SX-INT","16073"
"SX-MTS","16074"
"N352PM","16075"
"N89TB","16076"
"N135AJ","16077"
"N312LG","16078"
"N565CG","16079"
"N278MC","16080"
"N102LJ","16081"
"N252VR","16082"
"N850EC","16083"
"N564CA","16084"
"TC-KLC","16085"
"TC-KAM","16086"
"TC-FRK","16087"
"TC-DDD","16088"
"C6-ZIP","16089"
"C6-TIA","16090"
"C6-AIR","16091"
"C6-ROV","16092"
"C6-SUN","16093"
"VH-UYX","16094"
"C-GCHG","16095"
"OK-GLX","16096"
"OK-WAY","16097"
"OK-ECR","16098"
"OE-LVA","16099"
"TC-VTN","16100"
"CS-DOG","16101"
"OE-FRJ","16102"
"OE-GMJ","16103"
"N889HH","16104"
"N29ZR","16105"
"LY-BGH","16106"
"LY-BGD","16107"
"N400CN","16108"
"N228MH","16109"
"OM-FTS","16110"
"N242BZ","16111"
"N108CJ","16112"
"N362EA","16113"
"HK-5186","16114"
"HK-5355","16115"
"XA-AAN","16116"
"N661JM","16117"
"N1089","16118"
"D-FLYW","16119"
"D-BONN","16120"
"OE-HPC","16121"
"OE-IRP","16122"
"N106FF","16123"
"N454NG","16124"
"N304LH","16125"
"VH-VSZ","16126"
"VH-CCD","16127"
"HB-FXG","16128"
"ZS-ATM","16129"
"ZS-DIP","16130"
"D-CIAO","16131"
"N441AL","16132"
"D-ILIA","16133"
"C-GUNP","16134"
"ZS-EKA","16135"
"N512DB","16136"
"VH-PNI","16137"
"TC-DZM","16138"
"9H-PIK","16139"
"LV-HWA","16140"
"N188FJ","16141"
"T7-BDA","16142"
"XA-KVD","16143"
"N933ML","16144"
"N607KT","16145"
"N200WP","16146"
"5N-SPL","16147"
"T7-JAT","16148"
"N7250T","16149"
"N970SD","16150"
"OH-KYC","16151"
"N141TC","16152"
"N818SF","16153"
"9H-MAF","16154"
"N923LJ","16155"
"N126DR","16156"
"LZ-BVD","16157"
"N38MC","16158"
"ZS-DCA","16159"
"ZS-KEN","16160"
"ZS-SMF","16161"
"4X-CLL","16162"
"N512ME","16163"
"N67WE","16164"
"OB-2108P","16165"
"N600SJ","16166"
"N825UW","16167"
"C-GCGT","16168"
"C-FAMI","16169"
"YL-ICS","16170"
"VH-LAL","16171"
"N9442C","16172"
"N300RX","16173"
"N481MM","16174"
"N258EB","16175"
"N137FL","16176"
"XA-GRM","16177"
"N621GZ","16178"
"N713WT","16179"
"HK-5233","16180"
"TC-SGO","16181"
"F-HLTT","16182"
"N962MB","16183"
"TC-LAA","16184"
"F-HPBM","16185"
"9H-LAR","16186"
"HP-18BLM","16187"
"9H-AXO","16188"
"N616WG","16189"
"N110WS","16190"
"XA-BUX","16191"
"D-COLO","16192"
"N227AL","16193"
"N191JB","16194"
"ZS-JPS","16195"
"N3EE","16196"
"ZS-ZEN","16197"
"LV-GWZ","16198"
"OK-OKV","16199"
"OK-OKL","16200"
"N52MG","16201"
"N79MG","16202"
"N92MG","16203"
"C-GWYB","16204"
"OE-ITC","16205"
"G-DXTR","16206"
"D-IBET","16207"
"SU-MMN","16208"
"N818WB","16209"
"N24ZD","16210"
"PK-ELX","16211"
"N927JA","16212"
"T7-VBS","16213"
"HS-SKS","16214"
"VH-PFA","16215"
"VH-PFK","16216"
"VH-PFS","16217"
"N826ZF","16219"
"PK-RJX","16220"
"HS-SLC","16221"
"PK-VVS","16224"
"T7-BLQ","16226"
"T7-YMF","16227"
"VN-B789","16228"
"VN-A299","16229"
"B-8211","16230"
"B-99988","16231"
"B-99888","16232"
"B-3299","16233"
"B-3266","16234"
"B-3935","16237"
"B-105P","16238"
"B-9429","16239"
"B-10KK","16240"
"B-3563","16241"
"OE-CNC","16242"
"OE-CRS","16243"
"OE-KAL","16244"
"OE-KFT","16245"
"OE-KMR","16246"
"OE-EMS","16247"
"OE-GAL","16248"
"HB-FGA","16251"
"OH-TFA","16253"
"VH-OWN","16255"
"VH-MZM","16256"
"VH-VLT","16257"
"VH-OFJ","16258"
"VH-LHU","16259"
"VH-JGR","16260"
"VH-JGS","16261"
"A6-RJF","16262"
"N100UP","16263"
"N604AL","16264"
"N30HB","16267"
"N300SF","16269"
"N563BB","16270"
"N415JA","16272"
"N618LT","16274"
"N645SB","16276"
"N815SB","16277"
"N934SB","16278"
"N1980E","16279"
"N1980R","16280"
"N520G","16283"
"N555PH","16284"
"N889LV","16286"
"N889KH","16287"
"N889AH","16288"
"N867PP","16289"
"N433CA","16290"
"N560VM","16301"
"N923JL","16303"
"N800KM","16306"
"N91MS","16307"
"N286MH","16314"
"N719JB","16315"
"N171TR","16319"
"C-GCAO","16320"
"N244V","16321"
"9A-JSE","16327"
"T7-LXX","16329"
"VP-CXX","16330"
"T7-YXX","16331"
"T7-2XX","16333"
"N688HL","16335"
"N280GL","16336"
"OK-EMZ","16337"
"OK-ART","16339"
"OK-ADL","16340"
"OK-PRM","16342"
"OK-BMM","16343"
"N347WS","16344"
"ES-GLX","16345"
"N293LM","16348"
"OO-FSX","16349"
"9H-YAA","16350"
"VH-LEP","16351"
"CS-DOU","16352"
"ZS-KDR","16353"
"ZS-SGC","16355"
"G-YFOX","16357"
"T7-TZE","16358"
"ZS-FCI","16359"
"ZS-ACT","16360"
"G-ENRG","16361"
"ZS-EXG","16362"
"T7-EMI","16363"
"OO-JID","16364"
"OO-LUX","16365"
"OO-LXA","16366"
"OO-NSG","16367"
"OO-ZUN","16368"
"ZS-TTH","16369"
"D-IXON","16370"
"ZS-DFI","16371"
"ZS-NGS","16373"
"ZS-LRJ","16374"
"ZS-LMF","16375"
"ZS-AHA","16376"
"ZS-KAT","16377"
"ZS-YTB","16378"
"ZS-NDL","16379"
"ZS-PPG","16380"
"ZS-TWP","16381"
"ZS-PIR","16382"
"ZS-ERS","16383"
"ZS-KHT","16384"
"ZS-NMZ","16385"
"ZS-RVL","16386"
"ZS-TLH","16387"
"ZS-CJT","16388"
"ZS-FTG","16389"
"ZS-ASR","16390"
"ZS-TEJ","16391"
"ZS-CVU","16392"
"ZS-FHG","16396"
"ZS-TWF","16397"
"ZS-OFD","16398"
"ZS-TLA","16399"
"ZS-NKC","16400"
"ZS-PCH","16401"
"CN-TMH","16402"
"CN-TME","16403"
"XA-UUP","16404"
"XA-IBC","16405"
"XA-EGD","16406"
"XB-NXR","16407"
"XB-NVN","16408"
"XB-EGD","16409"
"C-GJCV","16410"
"F-HFKD","16416"
"F-HGSA","16417"
"F-HJMA","16418"
"F-GPGA","16419"
"F-HEME","16420"
"F-HREX","16421"
"F-HVLJ","16422"
"F-GGGA","16423"
"F-HBMR","16424"
"F-HGRI","16425"
"F-HGPG","16426"
"F-HIVA","16427"
"F-HRIB","16428"
"F-HELA","16429"
"F-HAFS","16430"
"F-HFKF","16431"
"D-CFAR","16432"
"D-CHMD","16437"
"D-ISLT","16438"
"D-BEEE","16449"
"D-COCO","16450"
"D-AGOV","16451"
"D-IHUB","16452"
"D-EGTD","16453"
"D-ECHB","16455"
"G-VPCM","16457"
"9H-MGM","16458"
"G-JNRE","16459"
"9H-BOD","16460"
"OE-HLR","16461"
"OE-HHH","16467"
"OY-TWM","16470"
"OY-LPF","16471"
"OY-CSB","16472"
"P4-999","16473"
"P4-BFL","16474"
"P4-BFK","16475"
"P4-BFZ","16476"
"SE-RFH","16481"
"EJ-GABJ","16482"
"F-HBDX","16484"
"LX-TCB","16485"
"P4-HSJ","16486"
"LX-LFX","16487"
"P4-MLO","16488"
"9H-DINA","16489"
"LY-CER","16490"
"P4-CLA","16491"
"P4-787","16492"
"9H-FIVE","16496"
"UP-EM007","16497"
"UP-PC002","16498"
"VH-BSM","16499"
"VH-KFH","16500"
"VH-LNO","16501"
"VH-KSQ","16502"
"VH-KXL","16503"
"VH-CSK","16506"
"VH-PIY","16507"
"VH-ZIY","16508"
"VH-SUY","16509"
"VH-SIY","16510"
"VH-PUY","16511"
"HZ-A4","16514"
"HZ-A5","16515"
"HZ-A15","16516"
"HZ-A23","16517"
"HZ-A8","16518"
"HZ-A9","16519"
"F-GJFA","16522"
"F-GJFE","16523"
"F-GPJD","16524"
"5Y-CCB","16526"
"CN-RBS","16527"
"VH-ZLE","16528"
"VH-ZCN","16529"
"VH-ZCJ","16530"
"VH-OVG","16531"
"VH-OVS","16532"
"VH-PRK","16534"
"VT-BAS","16536"
"VT-CRA","16538"
"VT-MEG","16540"
"VT-SSK","16541"
"VT-VRA","16542"
"VT-VRV","16543"
"VT-JVV","16545"
"A6-RTS","16547"
"A6-RDJ","16548"
"D-CUUU","16550"
"P2-AMH","16553"
"P2-MEH","16554"
"N914LD","16555"
"N207RW","16556"
"N365EA","16557"
"N659TX","16566"
"N611MM","16570"
"N265CW","16571"
"N620SY","16582"
"N779AR","16583"
"N1759C","16584"
"N1111P","16585"
"N756SJ","16586"
"N602GJ","16587"
"N500JJ","16588"
"N905B","16589"
"N900EM","16590"
"N728QL","16591"
"N372BC","16593"
"N271GL","16594"
"N226RS","16596"
"N888KL","16597"
"N31JE","16599"
"N60JE","16600"
"N421DD","16601"
"N488VC","16602"
"N73789","16604"
"N709RA","16605"
"N226CV","16608"
"N224DE","16609"
"N850MJ","16610"
"N511JC","16612"
"N808CS","16613"
"N425BV","16614"
"N512KR","16617"
"N227RR","16618"
"N604LS","16619"
"N645AT","16622"
"N178AM","16623"
"N103ML","16624"
"N901FP","16625"
"N993SA","16626"
"N800EM","16627"
"N333RL","16628"
"N606RP","16629"
"N35LJ","16630"
"N98WG","16631"
"N780W","16632"
"N280P","16633"
"N2900G","16635"
"N75GR","16636"
"N505WG","16637"
"N504WG","16638"
"N500WG","16640"
"N560PD","16642"
"N158EC","16643"
"N860JA","16644"
"N580ML","16646"
"N400XC","16647"
"N905FL","16649"
"N904FL","16650"
"N52JT","16651"
"N560JZ","16652"
"N111CM","16655"
"N80EJ","16656"
"N64FB","16657"
"N150JN","16660"
"N780RE","16661"
"G-SWSD","16662"
"G-XONE","16664"
"N450FX","16666"
"N600FX","16667"
"N571FX","16668"
"N432FX","16669"
"N184TB","16672"
"N383T","16673"
"N28QB","16674"
"N350PR","16675"
"N125GH","16676"
"N650FJ","16677"
"N521SB","16678"
"N707WB","16680"
"N7LA","16682"
"N500PV","16683"
"N604FS","16684"
"N327TW","16685"
"N608ST","16686"
"N525SM","16687"
"N2664F","16688"
"N8426G","16689"
"N174SK","16691"
"N518C","16692"
"N901WF","16693"
"N429RM","16694"
"N680SF","16697"
"N623HD","16698"
"N5379F","16699"
"N280S","16700"
"N369FG","16703"
"N204DD","16704"
"N80TF","16705"
"N83SP","16706"
"N724JL","16707"
"N86MW","16708"
"N325LF","16709"
"N855BB","16710"
"N14AQ","16711"
"N197MJ","16713"
"N207K","16714"
"N850EP","16715"
"N926CJ","16717"
"N91CJ","16718"
"N922JW","16719"
"N917PG","16720"
"C-GRKB","16722"
"C-FGGH","16723"
"C-GVTM","16724"
"C-FJFW","16725"
"C-GODB","16726"
"C-FOGT","16727"
"C-GRUB","16728"
"C-FMIX","16729"
"C-FOCL","16730"
"C-FKSF","16731"
"C-FXGA","16732"
"C-FMCN","16734"
"C-GUIZ","16735"
"C-FEUP","16736"
"C-FWVR","16738"
"C-GEMB","16739"
"C-GLAG","16740"
"C-GPJJ","16741"
"C-FCGT","16742"
"C-FTQR","16743"
"C-GYDQ","16744"
"C-GDCG","16747"
"N281SE","16748"
"N208AR","16749"
"N4NU","16750"
"N805VC","16751"
"N58JN","16752"
"N530TM","16753"
"N676JB","16755"
"N348AJ","16756"
"N456SM","16757"
"N332CG","16758"
"N198GS","16759"
"N90JE","16760"
"N17ND","16761"
"RA-10206","16762"
"RA-10207","16763"
"RA-11005","16764"
"RA-67241","16765"
"RA-73028","16766"
"D-AMME","16768"
"D-AHRT","16769"
"D-CHOW","16771"
"D-IPAA","16772"
"D-IMCJ","16773"
"N874TX","16775"
"N900WT","16776"
"N335SJ","16777"
"N103JL","16778"
"N744N","16779"
"N171AR","16780"
"N700SR","16782"
"N404HG","16783"
"N7GX","16784"
"N821PA","16785"
"N2050A","16786"
"9H-FRM","16787"
"N44MA","16788"
"G-ULFT","16790"
"N711P","16792"
"N31ST","16793"
"N978AR","16795"
"RA-73560","16796"
"RA-02730","16797"
"RA-02878","16798"
"RA-02808","16799"
"RA-02771","16800"
"LX-VGF","16802"
"N1229C","16803"
"N32009","16804"
"N206Q","16805"
"YL-UAG","16806"
"YL-ONR","16807"
"YL-ION","16808"
"YL-REX","16809"
"YL-MGM","16810"
"N700WY","16812"
"N307TS","16813"
"OK-CAA","16815"
"N282EA","16826"
"OY-ASA","16827"
"EI-TVG","16830"
"A6-RRJ","16832"
"OK-PET","16833"
"N560XL","16834"
"CS-TRJ","16836"
"CS-TCE","16837"
"9H-TQP","16838"
"9H-HFA","16839"
"9H-HFH","16840"
"9H-HFI","16841"
"9H-HFJ","16842"
"9H-HFK","16843"
"9H-TQY","16844"
"9H-SUN","16845"
"9H-SOL","16846"
"9H-TQZ","16847"
"C-GPMV","16848"
"C-FFNK","16849"
"C-GEBH","16850"
"SU-SMC","16851"
"C-GNFN","16852"
"2-HWDN","16853"
"2-ANVL","16854"
"2-GGGG","16855"
"2-NAPA","16858"
"SP-GEC","16865"
"LN-MDT","16866"
"YR-TRK","16868"
"YR-TRE","16869"
"N679MS","16870"
"N333BH","16871"
"N226HY","16872"
"LV-BAW","16873"
"VP-BBI","16880"
"4K-JJ888","16881"
"VP-BBF","16882"
"OK-SLS","16884"
"N516CJ","16886"
"N362SM","16887"
"F-HKMO","16888"
"N601WY","16889"
"LV-CNQ","16890"
"LV-GQR","16891"
"D-ALEX","16892"
"D-APGS","16893"
"D-AXEO","16894"
"CC-COV","16899"
"CC-AEH","16900"
"TC-AKE","16902"
"TC-INF","16906"
"D-CAAF","16907"
"D-IALI","16908"
"N910RB","16909"
"C-FBWG","16910"
"C-GRAC","16911"
"C-GFHG","16912"
"N284CP","16913"
"N503SV","16915"
"N650GA","16918"
"EJ-PRLN","16919"
"SE-RIJ","16922"
"SE-MHU","16923"
"SE-FNE","16924"
"N550AJ","16930"
"N575EW","16931"
"N352SR","16933"
"N102DZ","16934"
"N682HS","16944"
"N631TJ","16945"
"N803GJ","16952"
"N495RS","16953"
"N8888H","16954"
"N888GJ","16955"
"N365PT","16958"
"N804MC","16959"
"N77VG","16962"
"N972MS","16963"
"N901MJ","16964"
"N1PU","16965"
"C-GCGA","16966"
"C-GGSG","16967"
"C-FXWH","16968"
"N425DD","16974"
"N585GA","16977"
"D-ASHY","16978"
"D-CPAV","16979"
"D-COVA","16982"
"D-CSRM","16983"
"D-IBTC","16984"
"D-IBLK","16985"
"D-ILOU","16986"
"D-IGRK","16994"
"D-IXXX","16995"
"D-IJLJ","16996"
"D-IHVQ","16997"
"D-IPOD","16998"
"D-IRSB","16999"
"D-IPAV","17003"
"C-GNLK","17005"
"C-GNLN","17006"
"C-GNLA","17007"
"C-GFCN","17010"
"C-GNLQ","17011"
"C-GGWX","17012"
"C-FHNM","17013"
"N851CC","17014"
"N130GA","17015"
"N719SF","17016"
"SX-MKG","17017"
"N702NW","17022"
"N579MC","17024"
"A6-GOA","17026"
"N316CA","17027"
"N793CJ","17028"
"N818BD","17030"
"N41JD","17031"
"C-FEKB","17033"
"C-GSKB","17034"
"N900LY","17037"
"HA-BES","17040"
"HA-YCM","17041"
"HA-YCH","17042"
"HA-BGQ","17043"
"HA-EFD","17044"
"HA-SVD","17045"
"HA-DIK","17046"
"HA-SKL","17047"
"HA-BNO","17048"
"HA-BDE","17049"
"HA-BFW","17050"
"HA-BGR","17051"
"HA-BCO","17052"
"HA-IGS","17055"
"HA-BAT","17058"
"HA-SLO","17059"
"N421JS","17068"
"N440S","17071"
"N803MT","17072"
"N110PM","17073"
"N801MT","17074"
"N428S","17076"
"N407S","17077"
"N41SC","17080"
"PR-UNI","17081"
"N511WS","17083"
"N820LB","17087"
"C6-JTJ","17092"
"C6-TJJ","17093"
"C6-TJT","17094"
"C6-TTJ","17095"
"N560MT","17097"
"N477GJ","17098"
"N299CW","17099"
"N500CT","17101"
"C-GJCY","17102"
"SE-RGX","17105"
"N150JM","17107"
"G-YIPY","17108"
"TF-MYV","17109"
"N614AF","17110"
"N441WF","17111"
"D-CSCR","17112"
"F-HCIC","17113"
"OE-EPM","17115"
"N777SS","17116"
"SE-LLU","17118"
"VQ-TNS","17119"
"OY-MEN","17122"
"N383MV","17123"
"N351AC","17124"
"N2706A","17126"
"N242ML","17127"
"XA-GJC","17128"
"C-FWAF","17130"
"T7-ALEX","17132"
"T7-ALEX2","17133"
"T7-VSR","17134"
"T7-ALEX1","17135"
"B-655Z","17136"
"T7-ACE","686568692037337088"
"P4-136","709850137299648512"