"supplier_name","supplier_id"
"24/7 Jet Inc.","1001"
"247 Aviation Ltd","1002"
"45 North Aviation","1004"
"A-OK Jets","1005"
"AAC Jet","1007"
"AB Jets","1008"
"Fly Tyrol","1009"
"Abelag Aviation","1010"
"ABS Jets","1012"
"AC Aviation Charter AG(Switzerland)","1013"
"AC Aviation Charter(Austria)","1014"
"ACASS Canada Ltd","1015"
"ACASS(Ireland)","1016"
"Accent Airways LLC","1017"
"ACI Jet","1019"
"ACM Air Charter","1020"
"Acropolis Aviation Ltd","1021"
"Action Air Express","1022"
"Adirondack Flying Service","1023"
"ADM Aviation Executive","1024"
"Advanced Air LLC","1025"
"Aelia S.R.L","1027"
"AEM Aviation","1028"
"Aergo International Pty Ltd","1029"
"Aero Air Charter LLC","1030"
"Aero Asahi Corporation","1032"
"Aero Centers","1033"
"Aero Charter Inc.","1034"
"Aero Dynamic Jets","1035"
"Aero JL S.A de C.V","1036"
"Aero Sotravia","1038"
"Aero Transporte S.A.","1039"
"Aero-Tech Services Inc.","1041"
"Aerocardal","1042"
"Aerodynamics Malaga","1044"
"Aeroeste","1045"
"Aeromas","1048"
"Aeronautical Charter Inc.","1050"
"Aeronaves Tsm S.A.","1051"
"Aeropartner","1052"
"Aerorutas","1054"
"Aerosafin S.A de C.V","1055"
"Aerovias DAP","1057"
"Aerovida S.A","1058"
"Aeroways GmbH","1059"
"Aerowest GmbH","1060"
"Air 7 LLC","1061"
"Air Adriatic D.O.O.","1062"
"Air Alliance Group GmbH","1063"
"Air Alsie","1064"
"Air Associates Charter Inc.","1066"
"Air Bohemia S.R.O.","1067"
"Air Business LLC","1069"
"Air Center Helicopters Inc.","1071"
"Air Charter Express Inc.","1073"
"Air Charter Scotland","1074"
"Air Charter Services Pvt. Ltd.","1076"
"Air Corviglia AG","1077"
"Air Direct LLC","1078"
"Air Fuga","1079"
"Air Horizont Ltd","1081"
"Air Independence","1082"
"Air Intersalonika","1083"
"Air New England LLC.","1089"
"Air Ocean Maroc","1091"
"Air Pannonia D.O.O.","1092"
"Air Pink","1095"
"Air Prague S.R.O.","1096"
"Air Reldan Inc.","1097"
"Air Trek Inc.","1100"
"Air Unlimited","1101"
"Air Whanganui","1102"
"Air X Charter Ltd","1103"
"Air-Dynamic","1104"
"Aira Aviation","1105"
"Airailes","1106"
"Aircharters Worldwide Inc.","1107"
"Airco Aircraft Charters Ltd","1108"
"Aircompany North-west","1109"
"Aircraft Management Group","1111"
"Aircraft Services Group Inc.","1112"
"Aircraft Transport Service","1113"
"Airflair Inc.","1115"
"Airgate Aviation","1116"
"Airlec Air Espace","1117"
"Airlink Luftverkehrs GmbH","1118"
"Airresource Charter LLC","1124"
"Airsf Flight Service","1125"
"Airshare","1126"
"Airstar Inc.","1127"
"Airstat Inc.","1128"
"Airstream A.S.","1129"
"Airwing AS","1131"
"Aitheras Aviation Group LLC","1132"
"Alaska Air Transit","1133"
"Albinati Aeronautics","1137"
"Alerion Aviation","1138"
"Alfa Jet","1139"
"Alliance Executive Jets","1141"
"Alpha Aviation S.R.O.","1143"
"Alpha Star Aviation Services","1144"
"Alpha Three Aviation","1145"
"Alpine Sky Jets Ltd","1148"
"Amber Aviation Limited","1151"
"AMC Aviation","1152"
"American Jet Charter Inc.","1154"
"American Jet International Corp.","1155"
"Ameritex Airways Inc.","1158"
"Anap Business Jets Ltd","1159"
"Anderson Air Ltd","1160"
"Aperta Aviation","1161"
"Apex Aero","1162"
"Arcus-air GmbH & Co. KG","1165"
"Argentina Jets","1166"
"Arrow Aviation Ltd.","1168"
"ASG Business Aviation","1169"
"ASI Charter Inc.","1170"
"ASL Group","1172"
"Aspen Air Charter Co.","1173"
"AstonJet","1174"
"ATI Jet Inc.","1176"
"Atlanta Air Charter Inc.","1177"
"Atlas Air Service","1179"
"Aurora Aviation","1182"
"Aurora Jet Partners","1183"
"Australian Corporate Jet Centres Pty Ltd","1185"
"Avalair Aircraft Management LLC","1188"
"Avcair","1190"
"Avcenter Inc.","1191"
"Avcon Jet AG","1192"
"Aviair","1193"
"Aviation Advisor Inc.","1195"
"Aviation Charter Inc.","1196"
"Aviation Charters Inc.","1197"
"Aviation Services Elite","1200"
"Aviation Services Management","1201"
"Aviation Starlink Inc.","1202"
"Aviator Services Inc.","1204"
"Avionord S.R.L.","1206"
"Axiom Aviation Inc.","1207"
"Axis Aviation Group","1208"
"Axis Jet","1209"
"Azure Aviation Ltd","1210"
"B-Jets","1211"
"B. Coleman Aviation","1212"
"Backcountry Aviation","1213"
"Baires Fly S.A","1214"
"Bairline","1215"
"Baker Aviation LLC","1217"
"Bartolini Air","1220"
"Basin Aviation Inc.","1221"
"Baton Rouge Air Charter And Management Inc.","1222"
"Beijing Red Cross Emergency Med. Center","1223"
"Bell Air","1224"
"Best Jets Int.","1228"
"Bestfly Aircraft Management","1229"
"Mia Jets","1232"
"Blackbird Air Charter A/S","1234"
"Blatti Aviation, Inc.","1235"
"Blessings Aviation Charter","1236"
"Blissair GmbH","1237"
"Bohlke International Airways","1240"
"Bonair","1241"
"Boomerang Air Charter","1243"
"Brenzil Pty Ltd","1246"
"Bridger Aerospace","1247"
"Buena Vista Aviation LLC","1248"
"Bun Air Corporation","1249"
"Business Aviators Inc.","1250"
"Business Jet Access","1251"
"Buzz Air Inc","1253"
"Call & Fly","1257"
"Cameron Air Service Ltd","1258"
"Cape Air Charter","1260"
"Capital Air Ambulance","1262"
"Capital Jet Charter Co.","1263"
"CareFlight","1264"
"Caribbean Support & Flight Services","1266"
"Carson Air Ltd","1268"
"Castle Aviation Inc.","1270"
"Cat Aviation AG","1271"
"Catalina Aerospace Corp.","1272"
"Causey Aviation Service Inc.","1274"
"CB Skyshare","1275"
"Cedar Executive","1276"
"Central American Airways Inc.","1277"
"Centreline AV Ltd","1279"
"Century Aviation","1281"
"CeoJetset (pt. Jet Eksekutif Travya)","1283"
"Chairman Aviation","1284"
"Charter Airlines LLC","1287"
"Charter Jet Transport Inc.","1288"
"Charter Jets","1289"
"Charter One","1290"
"Chartright Air Inc.","1291"
"Chicago Jet Group","1292"
"Choice Aviation LLC","1293"
"Chrysler Aviation Inc","1295"
"Cirrus Aviation Services","1296"
"Clay Lacy Aviation","1299"
"Clemens Aviation LLC","1300"
"Clipper National Air","1301"
"Club Jet Charter LLC","1302"
"Cobalt Air LLC","1305"
"Coleman Jet LLC","1306"
"Comair Flight Services","1308"
"Comlux Aviation","1310"
"Contour Aviation","1311"
"Copenhagen Airtaxi A/s","1312"
"Corporate Air Charters Inc.","1313"
"Corporate Aircraft Charter Pty","1315"
"Corporate Aircraft Management","1316"
"Corporate Eagle Management Services Inc.","1317"
"Corporate Flight Inc.","1318"
"Cove Aviation","1319"
"Craft Charter LLC","1320"
"My Jet","1321"
"Crew Aviation LLC","1323"
"Crotts Aircraft Service Inc","1326"
"CSI Aviation Inc.","1329"
"CSM Aviation","1330"
"CTP Aviation","1331"
"Atmospherica Aviation","1332"
"Custom Jet Charters LLC","1333"
"Cutter Flight Management, Inc.","1334"
"Das Private Jets GmbH","1337"
"Dasnair","1338"
"Davinci Jets","1340"
"Davisair Inc.","1341"
"DC Aviation Al Futtaim","1342"
"DC Aviation Group","1343"
"DCT Air","1344"
"Deer Horn Aviation, Ltd. Co.","1347"
"Deer Jet (Beijing)  Co., Ltd.","1348"
"Desert Jet","1350"
"Destiny Jets","1351"
"Diamond Aviation","1352"
"Diamond Sky","1354"
"Direct Jet Charter LLC","1356"
"Direct2 Air LLC","1357"
"Discovery Jets","1358"
"Dominion Aviation Services Inc.","1359"
"Donghai Jet Co. Ltd.","1361"
"Dos Mil Aerosistema S.A.","1363"
"Dragonfly Executive Aviation Charter","1364"
"Dreamline Aviation LLC","1365"
"DSA AS","1366"
"Dumont Jets","1367"
"Dupage Aerospace","1369"
"E-aviation/eisele Flugdienst GmbH","1370"
"EAC Group","1371"
"Eagle Air Inc.","1372"
"Eagle Aviation Inc.","1373"
"East African Air Charters","1375"
"East Coast Flight Services Inc.","1376"
"East Coast Jets Inc.","1377"
"Eastern Air Express","1378"
"Sunrise Jets","1380"
"Eclair Aviation","1381"
"Edwards Aviation Australia","1382"
"EFS European Flight Service","1384"
"EGT Jet Ltd","1385"
"Elevate Jet LLC","1387"
"Elilombarda S.R.L.","1388"
"Elite Air Inc.","1390"
"Elite Flight Jets","1391"
"Elite Jet","1392"
"Empyreal Jet Inc.","1397"
"Encore Jet Management LLC","1398"
"Erin Air Inc.","1399"
"ESP Aviation","1400"
"Euro Link","1401"
"Euro-asia Air Company Jsc","1402"
"Eurus Aviation","1404"
"Eviair LLC","1406"
"Exact Air","1407"
"Excellent Air","1409"
"Exclusive Aviation","1410"
"Exec 1 Aviation Inc.","1411"
"Exec Air Montana, Inc.","1412"
"Execaire","1413"
"Execuflight Inc.","1414"
"Execujet Australia Pty Ltd","1415"
"Execujet Caribbean","1416"
"Execujet Charter Service Inc","1417"
"Execujet Europe","1418"
"Execujet South Africa Pty Ltd","1419"
"Executive Air Services","1421"
"Executive Air Taxi Corporation","1422"
"Executive Aircraft Charter Services LLC","1424"
"Executive Aircraft Services Inc.","1425"
"Executive Airlink Inc.","1426"
"Executive Aviation Corporation","1427"
"Executive Aviation Services","1428"
"Executive Flight Management","1430"
"Executive Fliteways Inc.","1431"
"Executive Jet Charter Ltd","1432"
"Executive Jet Management Europe","1433"
"Executive Jet Management Inc.","1434"
"Exxaero","1435"
"Fai Aviation Group","1436"
"Fair Air GmbH","1437"
"Fair Wind Air Charter","1438"
"Falcon Aviation Services","1439"
"Falcon Executive Aviation Inc.","1440"
"Falcon Wings","1441"
"Fas Finow Air Service GmbH","1443"
"Fast Air","1444"
"Fiba Air","1446"
"First Av Group LLC","1447"
"Fl Aviation Corporation","1448"
"Flexflight Group","1449"
"Flight Concepts, Llc","1450"
"Flight Level Aviation LLC","1451"
"Flight Options (Australia) Pty Ltd","1453"
"Flex Jet","1454"
"Flightexec","1455"
"Flightline First LLC","1457"
"Flightpath Charter Airways","1458"
"Flightworks","1459"
"Fliteaccess LLC","1460"
"Florida Jet Service Inc.","1461"
"Florida Wings Inc.","1462"
"Fly 7 Executive Aviation","1463"
"Fly Advanced Jet","1464"
"Fly Alliance Aviation","1465"
"Fly Away Boutique Aviation","1466"
"Fly Business Aviation","1467"
"Fly the Whale","1468"
"Fly Wales","1470"
"Fly-coop Legiszolgaltato Ltd","1471"
"Flybywire International Private Ltd","1472"
"Flycom D.O.O.","1474"
"Flyexclusive","1475"
"Flygr8","1476"
"Flying Zebra","1478"
"Flyinggroup","1479"
"Flymex","1480"
"Flyzar","1481"
"Fort Aero","1482"
"Forum 1 Aviation Ltd","1483"
"Foundation Aviation","1484"
"Four Corners Aviation","1485"
"Franconia Air Service GmbH","1487"
"Freedom Jets","1488"
"FSH Luftfahrtunternehmen GmbH","1490"
"Gainjet Ireland","1493"
"Gama Aviation Ltd(UK)","1494"
"Gama Aviation LLC","1495"
"Gary Jet Center","1496"
"Genel Havacilik A.S.","1498"
"Gestair","1501"
"Gestair Aviation","1502"
"Get1 Jet","1503"
"GFK Flight Support","1504"
"Global Air Charters","1505"
"Global Aviation Inc.","1506"
"Global Jet","1507"
"Global Jetcare","1508"
"Global Reach Aviation A/S","1509"
"Glock Aviation GmbH","1511"
"Go Fly LLC","1513"
"GoJet 247","1514"
"Gold Aviation","1516"
"Goldeck-flug GmbH","1517"
"Golden State Air Charter LLC","1518"
"Good Spirit Air Service","1520"
"GoodJet","1521"
"Grafair Flight Management","1522"
"Grandview Aviation LLC","1523"
"Great Flight Inc.","1525"
"Griffing Flying Service Inc.","1526"
"UAC Charter","1528"
"Hangar 7 Aviation","1531"
"Hans Jet","1532"
"Harmony Jets","1533"
"Haskin Aviation","1535"
"Haute Aviation AG","1536"
"Heartland Aviation","1537"
"Heli Air Services","1538"
"Helidosa Aviation Group","1539"
"HeliJet International Inc.","1540"
"Helistar Aviacion","1541"
"Hera Flight","1542"
"Heron Aviation","1544"
"Heron Luftfahrt GmbH","1545"
"HessJet LLC","1546"
"Hi Fly - Transportes Aereos S.A.","1548"
"Hillsboro Aviation Inc.","1551"
"Hop-a-jet Worldwide Jet Charter","1555"
"Houston Jet Direct","1556"
"HS Aviation","1557"
"Hughes Flying Service Inc.","1558"
"Hummingbird Aviation Services","1559"
"Hype Private Jets GmbH","1561"
"Ias Medical Ltd","1563"
"Ifl Group Inc.","1566"
"Ifly S.A.","1567"
"Ijet Aviation","1568"
"Image Air Charter","1570"
"Imperialjet Europe GmbH","1571"
"Initium Aviation","1573"
"Integrated Flight Resources Inc.","1576"
"Intercaribbean Airways","1578"
"Interjet S.R.L.","1579"
"International Group LLC","1582"
"International Jet Aviation Services Inc.","1583"
"Tiriac Air","1585"
"Italfly","1586"
"Ixair","1587"
"Jackson Jet Center","1588"
"Jag Executive Aviation","1589"
"Jet 1 Charter Inc.","1592"
"Jet Access Aviation Inc.","1593"
"Jet Air Charter LLC","1594"
"Jet Air Inc.","1595"
"Jet Aviation Business Jets AG","1597"
"Jet Aviation Flight Services Inc.","1598"
"Jet Charter Services","1599"
"Jet Charters Nz","1600"
"Jet Concierge Club","1602"
"Jet Executive International Charter","1604"
"Jet Globe Havacilik","1606"
"Jet I.C.U.","1607"
"Jet It Flight Operations","1608"
"Jet Linx Aviation LLC","1609"
"Jet Luxe","1611"
"Jet Services Inc.","1614"
"Jet Story","1615"
"Jet The World Management","1616"
"Jet Up Aviation","1618"
"Jet-ten","1622"
"Jetbee Czech S.R.O.","1623"
"Jetclub Malta Ltd","1624"
"Jetcom","1625"
"Jetcorp","1626"
"Jetflite","1627"
"Jetfly Airline GmbH","1628"
"Jetfly Aviation Sa","1629"
"Jetlife","1630"
"Jet Netherlands","1631"
"Jetport","1633"
"Jetright","1635"
"Jetsetgo Aviation Services Dmcc","1636"
"Jetsplus","1637"
"Jett Aircraft","1639"
"Jeva Air","1640"
"Jivair AB","1641"
"JK Jetkontor AG","1642"
"Joinjet","1643"
"Jonair Affarsflyg AB","1644"
"Journey Aviation LLC","1645"
"Jung Sky D.O.O.","1647"
"Justice Air Charter","1648"
"K5-aviation Gmbh","1649"
"KapaJet Sa","1653"
"Katmai Air LLC","1655"
"KCAC Aviation","1656"
"Kenai Aviation Operations LLC","1657"
"Kenmore Air Harbor Inc.","1658"
"Kenn Borek Air Ltd","1659"
"Elevate Jet","1661"
"Kirkhope Aviation Pty Ltd","1662"
"Kivalliq Air (Nunavut Lifeline)","1663"
"KlasJet","1664"
"Koury Aviation Inc.","1666"
"Lane Aviation","1670"
"Lanier Flight Express LLC","1671"
"Latitude 33 Aviation","1672"
"Leading Edge Aviation Inc.","1675"
"Legacy Aviation LLC","1676"
"Let's Fly Helicopter And Jet","1678"
"Let's Jett Inc.","1679"
"Leviate Air Group","1680"
"Liberty Air","1681"
"Liberty Jet","1682"
"Lider Taxi Aereo S/A - Air Brasil","1683"
"Life Line Aviation","1685"
"Lowe Aviation","1691"
"Luxair Charters LLC","1692"
"Luxaviation Belgium","1693"
"Luxaviation France","1694"
"Luxaviation Luxembourg","1695"
"Luxaviation UK","1696"
"Luxwing Ltd","1697"
"Lydd Air","1698"
"Lyddon Aero Center","1699"
"Lyon Aviation Inc.","1700"
"Mjets Inernational","1701"
"M&n Aviation Inc.","1702"
"MAC Air Group","1703"
"Mach One Air Charters Inc.","1704"
"Mach Point Aviation","1705"
"Machjet International Pty Ltd","1706"
"Magna Aviation","1708"
"Maine Instrument Flight","1710"
"Mali Air","1711"
"Malone Aircharter Inc","1712"
"Marc Air","1714"
"Max Aviation Inc.","1717"
"Maxair LLC","1718"
"Maxem Aviation Pty Ltd","1719"
"MC Havacilik","1721"
"Mccreery Aviation Inc","1722"
"Medicalfly","1725"
"Sofar","1727"
"Meregrass Inc.","1729"
"Meridian Air Group","1730"
"Merlin One","1731"
"Meta Special Aerospace Transportation, Llc","1732"
"Mhs Aviation GmbH","1734"
"Mid South Jets Inc.","1735"
"Mid-Pacific Jets","1736"
"Mill Taxi Aereo","1741"
"Million Air Richmond","1742"
"Mira Vista Aviation","1743"
"Mirair B.V.","1744"
"Modesto Jet Center","1748"
"Monument Airworks LLC","1749"
"Moser Aviation LLC","1750"
"Mountain Lion Aviation","1753"
"MPI Jet","1754"
"MRB Aviation","1755"
"MTJ Aviation LLC","1756"
"My Jet","1758"
"Myflug Hf","1759"
"N-Jet","1760"
"Naljets Ltd","1762"
"NANSHAN JET CO., LTD","1763"
"Napa Jet Center Inc.","1764"
"New World Aviation Inc.","1767"
"Nexgen Aviation","1768"
"Nexgen Flight Solutions","1769"
"Nexjet Corporation","1770"
"Nicholas Air","1771"
"Noble Air Charter","1772"
"Nolinor Aviation","1773"
"Nomad Aviation AG","1774"
"Nordic Jet Charter OY","1775"
"Nordjet Airlines","1776"
"North Cariboo Air","1779"
"North Country Aviation","1781"
"North Dallas Aviation","1782"
"Nea Jets","1786"
"Northern Jet Management","1789"
"Northwest Flyers","1791"
"Novajet Aviation Group","1792"
"Odyssey Airways LLC","1794"
"OIA Air Corp.","1795"
"Ok Aviation Group","1796"
"Oklahoma Aviation LLC","1797"
"Omni Air Transport","1798"
"Onward Jets","1800"
"Orchid Island Aviation Inc.","1803"
"Orion Aviation Solutions LLC","1805"
"Orionjets","1806"
"Ortac Limited","1807"
"Otter Air Services","1809"
"Outer Banks Air Charters Inc.","1810"
"Owen Air","1811"
"Ozair Charter Service","1813"
"Pabe Tax S.A. de C.V.","1814"
"Pacific Coast Jet","1815"
"Pacific Jet Charter","1816"
"Pacific Missionary Aviation","1817"
"Pacific Ocean SA","1818"
"PAD Aviation Service","1819"
"Pan Europeenne Air Service","1821"
"Panavia Air Taxi LLC","1822"
"Panaviatic AS","1823"
"Panellenic S.A.","1824"
"Paradigm Jet Management","1825"
"Paradox Jets Ltd","1826"
"Paragon Airways","1827"
"Peak Air GmbH","1829"
"Pegasus Elite Aviation","1830"
"Pen-Avia Ltd","1832"
"Performance Air S.A.","1835"
"Phenix Aviation","1836"
"Phenix Jet","1837"
"Pinnacle Air Charter LLC","1842"
"Pioneer Jets","1843"
"PJ Air","1844"
"Plane Travel Inc.","1845"
"Planet Nine Private Air","1848"
"Platoon Aviation","1850"
"Plus One Air","1851"
"Polaris Aviation Solutions LLC","1852"
"Porsche Air Service GmbH","1854"
"Port Havacilik","1855"
"Precision Aircraft Management","1856"
"Precision Aviation Inc.","1857"
"Premier Air Charter LLC","1858"
"Premier Private Jets","1860"
"Premium Jet AG","1861"
"PHS Aviation","1862"
"Presidential Aviation Inc.","1863"
"Prestige Air Group","1864"
"Priester Aviation","1865"
"Prime Jet LLC","1866"
"Prince Aviation","1867"
"Priority Jet","1869"
"Privaira","1870"
"Private Air Inc.","1871"
"Private Flite Aviation","1872"
"Private Jet Center","1873"
"Private Jets Inc","1874"
"Pro Airways LLC","1877"
"Proair Charter Transport GmbH","1878"
"Proav Charters","1879"
"Professional Aviation Solutions LLC","1880"
"Propair Inc.","1881"
"Pt Elang Lintas Indonesia","1882"
"QA Aviation S.R.O.","1884"
"Qatar Executive","1885"
"Quantum Jets","1886"
"QuikCharter","1888"
"Raber Flight Services LLC","1889"
"Rai Jets LLC","1890"
"Rb Aviation LLC","1891"
"Redjet Aviation Pty Ltd","1895"
"Redstar Aviation","1896"
"Regency Air LLC","1898"
"Reliant Air Charter Inc.","1900"
"Rennia Aviation","1901"
"Reva Inc.","1904"
"Revesco Aviation Pty Ltd","1905"
"Revolution Air","1906"
"Reynolds Jet Management","1907"
"Ridgeline Aviation Inc.","1910"
"Rotana Jet Aviation","1912"
"Royal Air Charter","1913"
"Royal Class","1914"
"Royal Jet","1915"
"Royal-star Sp. Z O.O.","1916"
"Rvl Aviation","1918"
"Rvr Aviation LLC","1919"
"Ryan Air","1920"
"Sacramento Air Charter","1923"
"SAI Flight Service Inc.","1925"
"Salzburg Jetaviation GmbH","1928"
"Sarah Airways","1930"
"Sardinian Sky Service","1931"
"Saturn Aviation LLC","1932"
"Sawyer Aviation, Llc","1934"
"Saxonair","1935"
"Scanwings","1937"
"Schubach Aviation","1938"
"Island Air Express","1939"
"SD Aviation","1941"
"Searca S.A.","1942"
"Seattle Aircraft Charter","1943"
"Secure Air Charter LLC","1944"
"Select Aero Inc.","1946"
"Select Jet","1947"
"Seletar Jet Charter","1948"
"Seneca Flight Operations","1949"
"Sentient Jet","1950"
"Servicios Aereos Across","1951"
"Servicios Aereos Estrella","1952"
"Set Air","1953"
"Deer Jet (Shanghai) Company Ltd","1956"
"Shoreline Aviation Inc.","1957"
"Shortstop Jet Charter Pty Ltd","1959"
"Executive Wings","1960"
"Sierra West Airlines","1961"
"Silesia Air S.R.O.","1962"
"Silver Air","1964"
"Silver Cloud Air","1965"
"Silver Flight","1966"
"Sinojet (Beijing) Company Ltd","1969"
"Sky High Aviation Services","1971"
"Sky LLC","1973"
"Sky Partners Inc.","1975"
"Sky Quest LLC","1976"
"Aeronautical Services","1977"
"Skyalps","1978"
"Skybird Aviation","1979"
"SkyFirst","1980"
"Skylife Elite","1983"
"Skynet LLC","1984"
"Skyservice Business Aviation","1985"
"Skysouth Aviation","1986"
"Skystream Jet","1987"
"Skytech Travel LLC","1988"
"Skyward Aviation","1989"
"Skyway Aviation Services","1990"
"Skyways Charter LLC","1991"
"Smart Aviation","1992"
"Smart Jet Sp Z O.O.","1993"
"Smartline Luftfahrt GmbH","1994"
"Smartwings A.S.","1995"
"Smoothair Charter","1996"
"Solairus Aviation","1997"
"Solutions Air Charter LLC","1999"
"Soulbird Aviation LLC","2000"
"South Florida Aviation Group LLC","2001"
"Southern Air Charter","2002"
"Southern Sky Aviation LLC","2004"
"Southwest Aircraft Charter","2005"
"Sovereign Business Jets","2006"
"Sparfell Airways Sa","2007"
"Sparfell Luftfahrt GmbH","2008"
"Sparfell Malta Ltd","2009"
"Special Services Corporation","2010"
"Speed Aviation Inc.","2011"
"Spiritjets LLC","2013"
"Spot Air","2014"
"St Barth Executive","2017"
"STA Jets","2018"
"Starflite Aviation","2019"
"Stargazer Aviation","2020"
"Starjet Aviation","2021"
"StarJet Inc.","2022"
"Stark Airways LLC","2023"
"Starwings GmbH","2024"
"FlyXcite","2025"
"Air Smart","2026"
"Sterling Air Service","2028"
"Thaden Charter","2029"
"Summit Aviation Inc.","2030"
"Sun Air Jets","2031"
"Sundown Jet S.A.","2033"
"Sundt Air","2034"
"Sunnyfield Aviation Associates LLC","2035"
"Super Air","2037"
"Super T Aviation","2038"
"Superior Air Charter","2039"
"Svenskt Industriflyg","2040"
"Swan Aviation","2041"
"Sweet Aviation LLC","2042"
"Swiss Global Jet Management Ltd","2044"
"Swiss Private Jet Sa","2045"
"Sylt Air GmbH","2047"
"Synergy Aviation","2048"
"Synergy Flight Center","2049"
"Tag Aviation S.A.","2050"
"Tailwind Air LLC","2051"
"Talon Air LLC","2053"
"Tampa Bay Air Charter","2055"
"Tapjets","2056"
"Taughannock Aviation Corp.","2057"
"Tavaero Jet Charter","2059"
"Taxi Aereo Hercules","2060"
"TCA LLC","2061"
"The Little Jet Company Ltd","2063"
"Thrive Aviation","2065"
"Thunder Airlines","2066"
"Thunderun Aviation Corporation","2067"
"Time Air","2068"
"Titan Air Ltd","2070"
"Titan Aviation UAE","2073"
"Toddcoe Aviation","2074"
"Topjet Executive","2076"
"Toyo Aviation","2077"
"Trade Air","2078"
"Tradewind Aviation","2079"
"Trans Island Airways","2081"
"Trans Nation Airways P.L.C","2082"
"Trans-exec Air Service Inc.","2083"
"Transavia","2084"
"Rise Air","2087"
"Transwisata Prima Aviation","2088"
"Trident Aircraft","2091"
"Trinity Private Jet Charter","2093"
"Triton Air LLC","2094"
"Triton Airways LLC","2095"
"Tropic Ocean Airways","2096"
"Tropicair Ltd","2097"
"True Aviation Charter Services","2098"
"Tryp Air Charter","2099"
"Tulpar Aero Group Ltd.","2101"
"Turnkey Jet Inc.","2103"
"Ultimate Jetcharters LLC","2106"
"Uniair Taxi Aereo Ltd","2108"
"Union Aviation","2110"
"United Charter Services","2111"
"United Eagle Ltd","2112"
"United States Aviation","2113"
"Aero","2118"
"Usmx Airlink","2119"
"Valair Private Jets","2120"
"Valkyrie Air LLC","2121"
"Valljet Airline","2123"
"Vatanjet","2125"
"Laurel Highlands Jet Center","2126"
"Ventis Aviation Inc.","2127"
"Ventura Air Services","2128"
"Venture Aviation Group LLC","2129"
"Venture Jets Inc.","2130"
"VIH Execujet Ltd","2132"
"Villers Air Services Ltd","2133"
"VIP Jets Ltd","2134"
"Vista Jet","2135"
"Vistajet Us Inc.","2136"
"Volare Aviation Ltd","2138"
"Volato","2139"
"Voluxis","2140"
"Voyage Air","2141"
"VSR Ventures Pvt Ltd","2144"
"Dream Jet","2146"
"Wasaya Airways","2147"
"Weltall-Avia Airlines","2148"
"West Coast Aviation Services","2149"
"Westair Charter","2150"
"Wheels Up Partners LLC","2151"
"White Cloud Charter LLC","2152"
"Wilderness Aircraft Company LLC","2155"
"Winair Aviation","2156"
"Wind Rose Aviation Company Ltd","2157"
"Speedbird Jets","2158"
"Windrose Air Jetcharter GmbH","2160"
"Wing Aviation Charter Services LLC","2161"
"Wisconsin Aviation","2164"
"Worldwide Jet Charter Inc.","2166"
"X-press Charter Services Inc.","2168"
"XCEL Jet","2169"
"XO Jet Inc.","2170"
"Zafer Havacilik AS","2171"
"Zanesville Aviation","2172"
"Zenith Aviation Limited","2174"
"Zulu Air Charter","2177"
"LILY JET","2178"
"Phxaero","2179"
"Jinxiang Airlines","2180"
"Yasheng Medical Ambulance Flight (Beijing) Co., Ltd.","2181"
"Advance Aviation","2182"
"Premiair","2183"
"Tag Aviation Asia","2185"
"Pacific Flight Services Pte Ltd","2186"
"Okayama Air Service Co., Ltd.","2187"
"Beijing Airlines","2190"
"Southern-Jet Co., Ltd.","2191"
"Future Air Co.Ltd","2193"
"Shenzhen Funian Business Aviation Co., Ltd","2196"
"Skyvision Aviation","2199"
"AIR TOJOY","2204"
"Suzhou Aviation Co., Ltd.","2205"
"Vietstar Airlines","2207"
"Berjaya Air","2209"
"Jiangsu Jet Co., Ltd.","2212"
"Star Jet Co., Ltd.","2213"
"Business Aviation Asia","2214"
"Hebei Avic General Aviation Co., Ltd.","2215"
"Honsan General Aviation (Hong Kong) Co., Limited","3048"
"Fast Private Jet S.R.L.","3049"
"Amelia","3051"
"Pink Sparrow GmbH","3052"
"Skyjets Europe","3053"
"Swiss ACM","3054"
"Aeronexus Corporate PtyLtd","3055"
"Jet Solution","3056"
"Fedair LLC","3057"
"London Air Services","3059"
"Worldjets Ltd","3060"
"Sidus Aviation GmbH","3061"
"Velox Jets","3062"
"Oysterjets GmbH","3063"
"Flapper","3064"
"Meajet GmbH","3065"
"Excelaire LLC","3066"
"Millennium Jet S.R.L.","3067"
"Augsburg Airways","3068"
"Tag - Transport Aerien Gatineau","3069"
"Unnamra Aviation","3070"
"Tower Jet","3071"
"BusinessAir A.S.","3072"
"Welojets LLC","3073"
"Execujet (UK) Limited","3074"
"Jets Capital Trasportes Aereos S.A. de C.V.","3075"
"Jetstream Aviation Inc.","3076"
"Falcon Aerospace Limited","3077"
"Triton Aviation Limited","3078"
"Crotts Aircraft Service Inc.","3079"
"Xpress One Aviation LLC","3080"
"Shino Aviation","3081"
"Pentastar Aviation Charter Inc.","3082"
"Ics-Aero","3083"
"Global Jet International","3084"
"Executive Fliteways","3085"
"Bighorn Airways Inc.","3086"
"Aeromaan S.A. de C.V.","3087"
"Skyatlantic US","3088"
"Eatis","3089"
"Plures","3090"
"Jav Aviation","3091"
"Flight Solutions S.R.L.","3092"
"Sky Ride Group S.A.","3093"
"Partouche Air Group","3094"
"Vuela International","3095"
"Aloft Aviation Services LLC","3096"
"Trust Air Aviation Ltd","3097"
"Castle Aviation Inc.","3098"
"Limitless Aviation Sm","3100"
"Susiair","3101"
"Shanxi Victory General Aviation Co., Ltd.","3102"
"Winair Jet","3104"
"Lhasa Saint Jet Business Aviation","3105"
"Alex Jet","3106"
"Aladdin Jet Co., Ltd","3107"
"Jetbay Co., Ltd.","666386597617090560"
"Vertex Air Charter Services Pte. Ltd.","682345126093209600"
"Vertex Airlines","682348507297824768"
"Ever Jet Aviation Limited","685157561296707584"
"AviationX","688397696712728576"
"PHOENIX AVIATION CO., LIMITED","704746196488609792"
"Airjade","706929572990328832"
"Global Wings Aviation","709823011217428480"
"CBAJET","709869539210428416"
"Aegle Aviation Ltd","712021463280226304"
"OHFLYER Aviation Technology Co., Ltd.","712789502028005376"
